date,mslp,tmpf,counts12,counts13,counts23
2024-07-15 16:00:00,1017.5,93.0,10704.0,5581.0,10422.0
2024-07-15 17:00:00,1016.4,92.0,10878.0,5683.0,10574.0
2024-07-15 18:00:00,1015.4,94.0,10622.0,5622.0,10353.0
2024-07-15 19:00:00,1014.7,89.0,10863.0,5681.0,10513.0
2024-07-15 20:00:00,1015.7,81.0,10657.0,5663.0,10469.0
2024-07-15 21:00:00,1015.0,81.0,10679.0,5753.0,10507.0
2024-07-15 22:00:00,1015.3,81.0,10583.0,5618.0,10357.0
2024-07-15 23:00:00,1015.6,80.0,10566.0,5709.0,10457.0
2024-07-16 00:00:00,1015.3,78.0,10643.0,5624.0,10385.0
2024-07-16 01:00:00,1015.9,78.0,10748.0,5657.0,10440.0
2024-07-16 02:00:00,1015.8,77.0,10723.0,5593.0,10351.0
2024-07-16 03:00:00,1015.8,76.0,10787.0,5731.0,10463.0
2024-07-16 04:00:00,1016.0,75.0,10799.0,5909.0,10598.0
2024-07-16 05:00:00,1015.9,75.0,10848.0,5811.0,10647.0
2024-07-16 06:00:00,1015.2,75.0,10612.0,5593.0,10278.0
2024-07-16 07:00:00,1015.4,75.0,10840.0,5725.0,10566.0
2024-07-16 08:00:00,1015.6,75.0,10724.0,5809.0,10507.0
2024-07-16 09:00:00,1016.1,74.0,10739.0,5717.0,10552.0
2024-07-16 10:00:00,1016.1,74.0,10594.0,5675.0,10294.0
2024-07-16 11:00:00,1016.6,76.0,10699.0,5655.0,10365.0
2024-07-16 12:00:00,1016.7,80.0,10795.0,5705.0,10499.0
2024-07-16 13:00:00,1017.0,83.0,10769.0,5703.0,10520.0
2024-07-16 14:00:00,1017.5,85.0,10699.0,5723.0,10581.0
2024-07-16 15:00:00,1017.1,88.0,10817.0,5696.0,10464.0
2024-07-16 16:00:00,1016.5,89.0,10732.0,5695.0,10340.0
2024-07-16 17:00:00,1015.9,89.0,10773.0,5676.0,10488.0
2024-07-16 18:00:00,1015.5,90.0,10655.0,5673.0,10440.0
2024-07-16 19:00:00,1015.5,83.0,10687.0,5618.0,10485.0
2024-07-16 20:00:00,1015.0,87.0,10764.0,5681.0,10363.0
2024-07-16 21:00:00,1015.4,85.0,10614.0,5557.0,10419.0
2024-07-16 22:00:00,1015.2,87.0,10563.0,5627.0,10360.0
2024-07-16 23:00:00,1015.2,86.0,10921.0,5840.0,10610.0
2024-07-17 00:00:00,1015.6,84.0,10859.0,5786.0,10570.0
2024-07-17 01:00:00,1015.5,83.0,10537.0,5567.0,10294.0
2024-07-17 02:00:00,1015.5,82.0,10668.0,5691.0,10412.0
2024-07-17 03:00:00,1015.5,81.0,10704.0,5606.0,10240.0
2024-07-17 04:00:00,1015.5,78.0,10552.0,5597.0,10277.0
2024-07-17 05:00:00,1015.4,78.0,10919.0,5749.0,10435.0
2024-07-17 06:00:00,1014.8,78.0,10699.0,5667.0,10407.0
2024-07-17 07:00:00,1014.4,76.0,10754.0,5712.0,10312.0
2024-07-17 08:00:00,1014.8,76.0,10653.0,5659.0,10283.0
2024-07-17 09:00:00,1015.9,75.0,10744.0,5702.0,10408.0
2024-07-17 10:00:00,1016.4,75.0,10768.0,5696.0,10391.0
2024-07-17 11:00:00,1017.2,76.0,10412.0,5538.0,10371.0
2024-07-17 12:00:00,1018.0,78.0,10589.0,5592.0,10392.0
2024-07-17 13:00:00,1017.4,81.0,10866.0,5784.0,10491.0
2024-07-17 14:00:00,1017.1,86.0,10826.0,5721.0,10681.0
2024-07-17 15:00:00,1016.5,89.0,10805.0,5746.0,10548.0
2024-07-17 16:00:00,1016.7,90.0,10839.0,5695.0,10538.0
2024-07-17 17:00:00,1016.1,91.0,10827.0,5735.0,10576.0
2024-07-17 18:00:00,1015.2,89.0,10740.0,5778.0,10534.0
2024-07-17 19:00:00,1015.4,80.0,10800.0,5726.0,10618.0
2024-07-17 20:00:00,1015.5,86.0,10667.0,5660.0,10367.0
2024-07-17 21:00:00,1014.8,84.0,10663.0,5670.0,10432.0
2024-07-17 22:00:00,1015.2,83.0,10702.0,5710.0,10499.0
2024-07-17 23:00:00,1016.2,81.0,10772.0,5617.0,10331.0
2024-07-18 00:00:00,1016.0,80.0,10704.0,5692.0,10426.0
2024-07-18 01:00:00,1016.3,78.0,10731.0,5736.0,10598.0
2024-07-18 02:00:00,1016.2,76.0,10684.0,5579.0,10222.0
2024-07-18 03:00:00,1015.7,76.0,10499.0,5593.0,10321.0
2024-07-18 04:00:00,1015.7,75.0,10608.0,5616.0,10287.0
2024-07-18 05:00:00,1015.9,75.0,10842.0,5715.0,10473.0
2024-07-18 06:00:00,1015.6,75.0,10557.0,5658.0,10380.0
2024-07-18 07:00:00,1015.7,75.0,10757.0,5700.0,10393.0
2024-07-18 08:00:00,1015.5,75.0,10843.0,5589.0,10339.0
2024-07-18 09:00:00,1015.5,74.0,10841.0,5724.0,10468.0
2024-07-18 10:00:00,1016.1,74.0,10442.0,5529.0,10328.0
2024-07-18 11:00:00,1016.6,75.0,10575.0,5633.0,10486.0
2024-07-18 12:00:00,1017.0,78.0,10773.0,5680.0,10350.0
2024-07-18 13:00:00,1017.3,81.0,10765.0,5698.0,10535.0
2024-07-18 14:00:00,1017.4,83.0,10926.0,5834.0,10693.0
2024-07-18 15:00:00,1016.9,85.0,10843.0,5752.0,10470.0
2024-07-18 16:00:00,1016.4,88.0,10937.0,5834.0,10627.0
2024-07-18 17:00:00,1015.5,89.0,10863.0,5739.0,10490.0
2024-07-18 18:00:00,1014.6,90.0,10841.0,5673.0,10378.0
2024-07-18 19:00:00,1016.2,81.0,10876.0,5829.0,10513.0
2024-07-18 20:00:00,1015.8,79.0,10972.0,5936.0,10667.0
2024-07-18 21:00:00,1015.0,82.0,10794.0,5807.0,10594.0
2024-07-18 22:00:00,1015.4,79.0,10746.0,5611.0,10308.0
2024-07-18 23:00:00,1015.0,81.0,10757.0,5780.0,10464.0
2024-07-19 00:00:00,1015.9,77.0,10696.0,5604.0,10393.0
2024-07-19 01:00:00,1016.7,76.0,10585.0,5564.0,10329.0
2024-07-19 02:00:00,1016.8,75.0,10780.0,5742.0,10437.0
2024-07-19 03:00:00,1016.7,75.0,10653.0,5565.0,10301.0
2024-07-19 04:00:00,1016.8,75.0,10684.0,5688.0,10386.0
2024-07-19 05:00:00,1016.4,75.0,10779.0,5679.0,10501.0
2024-07-19 06:00:00,1016.0,73.0,10598.0,5644.0,10442.0
2024-07-19 07:00:00,1016.1,73.0,10770.0,5713.0,10468.0
2024-07-19 08:00:00,1016.4,73.0,10588.0,5579.0,10359.0
2024-07-19 09:00:00,1016.5,73.0,10729.0,5655.0,10474.0
2024-07-19 10:00:00,1017.2,73.0,10718.0,5727.0,10362.0
2024-07-19 11:00:00,1017.5,74.0,10771.0,5618.0,10220.0
2024-07-19 12:00:00,1018.1,76.0,10639.0,5596.0,10486.0
2024-07-19 13:00:00,1018.3,77.0,10759.0,5653.0,10502.0
2024-07-19 14:00:00,1018.5,79.0,10568.0,5616.0,10231.0
2024-07-19 15:00:00,1018.6,80.0,10656.0,5644.0,10400.0
2024-07-19 16:00:00,1018.7,81.0,10676.0,5641.0,10494.0
2024-07-19 17:00:00,1018.3,82.0,10925.0,5904.0,10846.0
2024-07-19 18:00:00,1017.3,83.0,10832.0,5803.0,10529.0
2024-07-19 19:00:00,1016.9,85.0,10775.0,5709.0,10576.0
2024-07-19 20:00:00,1016.4,86.0,10783.0,5681.0,10560.0
2024-07-19 21:00:00,1016.4,84.0,10759.0,5739.0,10421.0
2024-07-19 22:00:00,1016.4,83.0,10776.0,5665.0,10381.0
2024-07-19 23:00:00,1017.2,82.0,10868.0,5718.0,10527.0
2024-07-20 00:00:00,1018.0,74.0,10677.0,5592.0,10375.0
2024-07-20 01:00:00,1018.6,75.0,10793.0,5782.0,10539.0
2024-07-20 02:00:00,1018.9,74.0,10396.0,5509.0,10235.0
2024-07-20 03:00:00,1019.1,73.0,10607.0,5607.0,10494.0
2024-07-20 04:00:00,1019.1,73.0,10849.0,5687.0,10353.0
2024-07-20 05:00:00,1018.9,73.0,10651.0,5616.0,10471.0
2024-07-20 06:00:00,1018.1,73.0,10819.0,5746.0,10456.0
2024-07-20 07:00:00,1018.2,73.0,10808.0,5721.0,10432.0
2024-07-20 08:00:00,1018.0,73.0,10691.0,5602.0,10387.0
2024-07-20 09:00:00,1018.5,72.0,10442.0,5602.0,10321.0
2024-07-20 10:00:00,1018.8,71.0,10839.0,5691.0,10364.0
2024-07-20 11:00:00,1019.2,71.0,10827.0,5675.0,10369.0
2024-07-20 12:00:00,1019.5,73.0,10579.0,5607.0,10361.0
2024-07-20 13:00:00,1019.7,74.0,10660.0,5639.0,10308.0
2024-07-20 14:00:00,1020.0,76.0,10710.0,5697.0,10264.0
2024-07-20 15:00:00,1020.3,78.0,10808.0,5805.0,10490.0
2024-07-20 16:00:00,1019.3,81.0,10634.0,5693.0,10538.0
2024-07-20 17:00:00,1018.4,82.0,10595.0,5598.0,10487.0
2024-07-20 18:00:00,1018.4,82.0,10741.0,5672.0,10319.0
2024-07-20 19:00:00,1018.4,82.0,10506.0,5580.0,10409.0
2024-07-20 20:00:00,1017.7,82.0,10634.0,5686.0,10214.0
2024-07-20 21:00:00,1017.6,81.0,10591.0,5646.0,10317.0
2024-07-20 22:00:00,1017.8,81.0,10687.0,5710.0,10512.0
2024-07-20 23:00:00,1017.1,80.0,10649.0,5693.0,10463.0
2024-07-21 00:00:00,1017.8,79.0,10613.0,5509.0,10136.0
2024-07-21 01:00:00,1018.8,78.0,10582.0,5594.0,10294.0
2024-07-21 02:00:00,1018.8,77.0,10766.0,5596.0,10318.0
2024-07-21 03:00:00,1018.5,77.0,10790.0,5687.0,10347.0
2024-07-21 04:00:00,1018.2,76.0,10782.0,5772.0,10567.0
2024-07-21 05:00:00,1018.2,75.0,10683.0,5723.0,10396.0
2024-07-21 06:00:00,1017.9,75.0,10709.0,5754.0,10550.0
2024-07-21 07:00:00,1017.6,74.0,10697.0,5742.0,10492.0
2024-07-21 08:00:00,1017.3,74.0,10708.0,5642.0,10407.0
2024-07-21 09:00:00,1017.5,74.0,10886.0,5753.0,10365.0
2024-07-21 10:00:00,1018.0,75.0,10578.0,5639.0,10375.0
2024-07-21 11:00:00,1018.2,75.0,10617.0,5625.0,10329.0
2024-07-21 12:00:00,1018.6,75.0,10892.0,5821.0,10605.0
2024-07-21 13:00:00,1018.3,78.0,10754.0,5711.0,10461.0
2024-07-21 14:00:00,1018.2,79.0,10676.0,5639.0,10418.0
2024-07-21 15:00:00,1018.0,83.0,10560.0,5569.0,10310.0
2024-07-21 16:00:00,1017.6,82.0,10526.0,5551.0,10339.0
2024-07-21 17:00:00,1017.3,83.0,10478.0,5621.0,10304.0
2024-07-21 18:00:00,1016.3,87.0,10818.0,5685.0,10401.0
2024-07-21 19:00:00,1015.7,86.0,10787.0,5780.0,10396.0
2024-07-21 20:00:00,1015.4,84.0,10746.0,5763.0,10528.0
2024-07-21 21:00:00,1015.6,81.0,10671.0,5661.0,10258.0
2024-07-21 22:00:00,1016.7,77.0,10641.0,5634.0,10476.0
2024-07-21 23:00:00,1017.0,75.0,10637.0,5547.0,10315.0
2024-07-22 00:00:00,1016.8,73.0,10953.0,5774.0,10598.0
2024-07-22 01:00:00,1017.6,73.0,10674.0,5643.0,10370.0
2024-07-22 02:00:00,1018.1,73.0,10623.0,5609.0,10284.0
2024-07-22 03:00:00,1018.3,72.0,10857.0,5665.0,10391.0
2024-07-22 04:00:00,1017.9,72.0,10888.0,5808.0,10474.0
2024-07-22 05:00:00,1017.4,72.0,10737.0,5698.0,10487.0
2024-07-22 06:00:00,1016.9,72.0,10913.0,5788.0,10577.0
2024-07-22 07:00:00,1016.4,72.0,10822.0,5768.0,10460.0
2024-07-22 08:00:00,1016.3,72.0,10768.0,5704.0,10441.0
2024-07-22 09:00:00,1016.6,73.0,10722.0,5621.0,10323.0
2024-07-22 10:00:00,1017.0,73.0,10674.0,5596.0,10365.0
2024-07-22 11:00:00,1017.4,73.0,10771.0,5652.0,10450.0
2024-07-22 12:00:00,1018.1,75.0,10728.0,5662.0,10535.0
2024-07-22 13:00:00,1018.2,76.0,10866.0,5856.0,10609.0
2024-07-22 14:00:00,1018.5,79.0,10711.0,5654.0,10350.0
2024-07-22 15:00:00,1018.6,80.0,10830.0,5739.0,10550.0
2024-07-22 16:00:00,1018.1,82.0,10698.0,5661.0,10366.0
2024-07-22 17:00:00,1017.6,84.0,10772.0,5757.0,10616.0
2024-07-22 18:00:00,1017.2,84.0,10755.0,5696.0,10566.0
2024-07-22 19:00:00,1016.3,85.0,10549.0,5569.0,10278.0
2024-07-22 20:00:00,1015.6,86.0,10736.0,5756.0,10460.0
2024-07-22 21:00:00,1015.2,86.0,10784.0,5585.0,10423.0
2024-07-22 22:00:00,1015.3,85.0,10787.0,5750.0,10502.0
2024-07-22 23:00:00,1015.9,83.0,10614.0,5746.0,10401.0
2024-07-23 00:00:00,1016.7,81.0,10727.0,5676.0,10538.0
2024-07-23 01:00:00,1016.9,79.0,10652.0,5642.0,10436.0
2024-07-23 02:00:00,1017.3,79.0,10741.0,5750.0,10509.0
2024-07-23 03:00:00,1017.5,78.0,10652.0,5610.0,10408.0
2024-07-23 04:00:00,1017.7,77.0,10719.0,5733.0,10552.0
2024-07-23 05:00:00,1017.7,76.0,10707.0,5668.0,10429.0
2024-07-23 06:00:00,1017.3,76.0,10815.0,5715.0,10275.0
2024-07-23 07:00:00,1017.3,76.0,10812.0,5692.0,10493.0
2024-07-23 08:00:00,1017.6,75.0,10900.0,5762.0,10474.0
2024-07-23 09:00:00,1018.2,75.0,10772.0,5643.0,10360.0
2024-07-23 10:00:00,1018.5,75.0,10842.0,5771.0,10565.0
2024-07-23 11:00:00,1018.8,76.0,10518.0,5638.0,10415.0
2024-07-23 12:00:00,1018.9,79.0,10845.0,5696.0,10420.0
2024-07-23 13:00:00,1019.2,82.0,10591.0,5643.0,10550.0
2024-07-23 14:00:00,1019.6,83.0,10491.0,5548.0,10341.0
2024-07-23 15:00:00,1019.5,84.0,10717.0,5707.0,10445.0
2024-07-23 16:00:00,1019.2,86.0,10900.0,5889.0,10576.0
2024-07-23 17:00:00,1018.5,87.0,10944.0,5866.0,10702.0
2024-07-23 18:00:00,1017.7,88.0,10648.0,5689.0,10379.0
2024-07-23 19:00:00,1017.4,86.0,10575.0,5707.0,10505.0
2024-07-23 20:00:00,1017.6,85.0,10650.0,5630.0,10449.0
2024-07-23 21:00:00,1017.6,78.0,10759.0,5696.0,10484.0
2024-07-23 22:00:00,1018.7,81.0,10638.0,5628.0,10385.0
2024-07-23 23:00:00,1019.4,76.0,10737.0,5700.0,10437.0
2024-07-24 00:00:00,1020.2,75.0,10559.0,5662.0,10261.0
2024-07-24 01:00:00,1021.8,75.0,10503.0,5597.0,10223.0
2024-07-24 02:00:00,1021.1,75.0,10635.0,5602.0,10360.0
2024-07-24 03:00:00,1020.6,75.0,10587.0,5713.0,10413.0
2024-07-24 04:00:00,1020.8,75.0,10748.0,5733.0,10428.0
2024-07-24 05:00:00,1021.1,74.0,10684.0,5652.0,10337.0
2024-07-24 06:00:00,1020.5,74.0,10593.0,5589.0,10309.0
2024-07-24 07:00:00,1020.7,73.0,10669.0,5639.0,10274.0
2024-07-24 08:00:00,1020.8,72.0,10586.0,5560.0,10328.0
2024-07-24 09:00:00,1021.4,72.0,10490.0,5631.0,10291.0
2024-07-24 10:00:00,1021.6,72.0,10625.0,5643.0,10448.0
2024-07-24 11:00:00,1022.0,73.0,10461.0,5500.0,10302.0
2024-07-24 12:00:00,1022.6,75.0,10699.0,5641.0,10302.0
2024-07-24 13:00:00,1022.8,76.0,10660.0,5667.0,10425.0
2024-07-24 14:00:00,1022.9,78.0,10670.0,5638.0,10273.0
2024-07-24 15:00:00,1022.8,82.0,10659.0,5659.0,10448.0
2024-07-24 16:00:00,1022.3,84.0,10375.0,5471.0,10191.0
2024-07-24 17:00:00,1021.8,86.0,10527.0,5628.0,10332.0
2024-07-24 18:00:00,1021.0,85.0,10700.0,5666.0,10322.0
2024-07-24 19:00:00,1020.7,87.0,10700.0,5715.0,10427.0
2024-07-24 20:00:00,1020.4,87.0,10515.0,5575.0,10180.0
2024-07-24 21:00:00,1021.0,80.0,10684.0,5652.0,10360.0
2024-07-24 22:00:00,1022.2,74.0,10984.0,5854.0,10683.0
2024-07-24 23:00:00,1021.9,74.0,10629.0,5679.0,10291.0
2024-07-25 00:00:00,1021.1,74.0,10611.0,5644.0,10429.0
2024-07-25 01:00:00,1021.4,74.0,10531.0,5626.0,10263.0
2024-07-25 02:00:00,1021.8,74.0,10579.0,5602.0,10291.0
2024-07-25 03:00:00,1022.0,74.0,10535.0,5646.0,10178.0
2024-07-25 04:00:00,1022.0,74.0,10571.0,5565.0,10271.0
2024-07-25 05:00:00,1021.5,75.0,10560.0,5526.0,10229.0
2024-07-25 06:00:00,1021.1,75.0,10603.0,5566.0,10184.0
2024-07-25 07:00:00,1020.9,74.0,10588.0,5584.0,10297.0
2024-07-25 08:00:00,1020.5,74.0,10632.0,5740.0,10485.0
2024-07-25 09:00:00,1020.7,74.0,10551.0,5497.0,10147.0
2024-07-25 10:00:00,1021.1,74.0,10565.0,5643.0,10369.0
2024-07-25 11:00:00,1021.4,75.0,10535.0,5520.0,10310.0
2024-07-25 12:00:00,1021.8,75.0,10913.0,5735.0,10420.0
2024-07-25 13:00:00,1021.9,75.0,10566.0,5615.0,10437.0
2024-07-25 14:00:00,1021.8,79.0,10739.0,5728.0,10421.0
2024-07-25 15:00:00,1021.6,82.0,10584.0,5630.0,10335.0
2024-07-25 16:00:00,1021.3,82.0,10501.0,5501.0,10235.0
2024-07-25 17:00:00,1020.8,84.0,10521.0,5626.0,10453.0
2024-07-25 18:00:00,1020.0,87.0,10507.0,5611.0,10336.0
2024-07-25 19:00:00,1019.3,86.0,10601.0,5544.0,10370.0
2024-07-25 20:00:00,1020.1,76.0,10531.0,5555.0,10309.0
2024-07-25 21:00:00,1019.1,80.0,10755.0,5631.0,10285.0
2024-07-25 22:00:00,1019.0,80.0,10492.0,5546.0,10220.0
2024-07-25 23:00:00,1018.7,80.0,10451.0,5565.0,10188.0
2024-07-26 00:00:00,1019.4,78.0,10561.0,5586.0,10276.0
2024-07-26 01:00:00,1020.0,78.0,10699.0,5731.0,10554.0
2024-07-26 02:00:00,1019.9,76.0,10452.0,5564.0,10303.0
2024-07-26 03:00:00,1019.6,75.0,10595.0,5620.0,10336.0
2024-07-26 04:00:00,1019.4,75.0,10764.0,5768.0,10602.0
2024-07-26 05:00:00,1018.9,74.0,10731.0,5649.0,10416.0
2024-07-26 06:00:00,1018.5,74.0,10587.0,5607.0,10225.0
2024-07-26 07:00:00,1018.0,73.0,10756.0,5751.0,10561.0
2024-07-26 08:00:00,1018.1,73.0,10589.0,5616.0,10267.0
2024-07-26 09:00:00,1018.0,73.0,10772.0,5645.0,10438.0
2024-07-26 10:00:00,1018.2,73.0,10590.0,5691.0,10465.0
2024-07-26 11:00:00,1018.6,73.0,10652.0,5662.0,10345.0
2024-07-26 12:00:00,1018.9,75.0,10877.0,5818.0,10618.0
2024-07-26 13:00:00,1018.9,76.0,10605.0,5577.0,10388.0
2024-07-26 14:00:00,1018.8,79.0,10599.0,5490.0,10211.0
2024-07-26 15:00:00,1018.5,82.0,10558.0,5586.0,10251.0
2024-07-26 16:00:00,1018.3,81.0,10635.0,5729.0,10507.0
2024-07-26 17:00:00,1017.7,85.0,10786.0,5706.0,10479.0
2024-07-26 18:00:00,1017.1,87.0,10611.0,5671.0,10352.0
2024-07-26 19:00:00,1016.5,89.0,10885.0,5731.0,10458.0
2024-07-26 20:00:00,1016.0,88.0,10640.0,5618.0,10347.0
2024-07-26 21:00:00,1015.6,89.0,10784.0,5730.0,10388.0
2024-07-26 22:00:00,1015.6,88.0,10636.0,5618.0,10482.0
2024-07-26 23:00:00,1016.3,78.0,10601.0,5622.0,10393.0
2024-07-27 00:00:00,1017.0,76.0,10910.0,5836.0,10635.0
2024-07-27 01:00:00,1017.3,76.0,10595.0,5645.0,10406.0
2024-07-27 02:00:00,1017.7,75.0,10567.0,5568.0,10154.0
2024-07-27 03:00:00,1018.1,74.0,10655.0,5632.0,10440.0
2024-07-27 04:00:00,1017.9,73.0,10576.0,5614.0,10231.0
2024-07-27 05:00:00,1017.6,73.0,10838.0,5678.0,10393.0
2024-07-27 06:00:00,1016.8,74.0,10522.0,5598.0,10272.0
2024-07-27 07:00:00,1016.3,74.0,10679.0,5669.0,10462.0
2024-07-27 08:00:00,1016.5,74.0,10681.0,5751.0,10449.0
2024-07-27 09:00:00,1016.7,74.0,10632.0,5606.0,10312.0
2024-07-27 10:00:00,1017.4,75.0,10718.0,5666.0,10615.0
2024-07-27 11:00:00,1018.3,74.0,10564.0,5698.0,10442.0
2024-07-27 12:00:00,1019.0,75.0,10579.0,5589.0,10327.0
2024-07-27 13:00:00,1019.5,76.0,10676.0,5672.0,10474.0
2024-07-27 14:00:00,1019.8,76.0,10595.0,5592.0,10297.0
2024-07-27 15:00:00,1020.0,78.0,10688.0,5657.0,10382.0
2024-07-27 16:00:00,1020.2,79.0,10785.0,5712.0,10436.0
2024-07-27 17:00:00,1019.6,81.0,10534.0,5644.0,10306.0
2024-07-27 18:00:00,1018.6,83.0,10431.0,5497.0,10185.0
2024-07-27 19:00:00,1018.0,83.0,10718.0,5615.0,10302.0
2024-07-27 20:00:00,1017.6,84.0,10541.0,5672.0,10484.0
2024-07-27 21:00:00,1016.9,84.0,10449.0,5484.0,10301.0
2024-07-27 22:00:00,1017.6,83.0,10622.0,5645.0,10314.0
2024-07-27 23:00:00,1018.1,82.0,10437.0,5643.0,10117.0
2024-07-28 00:00:00,1018.4,81.0,10671.0,5615.0,10283.0
2024-07-28 01:00:00,1018.7,81.0,10750.0,5752.0,10474.0
2024-07-28 02:00:00,1019.6,80.0,10790.0,5727.0,10416.0
2024-07-28 03:00:00,1019.5,79.0,10574.0,5542.0,10204.0
2024-07-28 04:00:00,1019.5,78.0,10654.0,5656.0,10243.0
2024-07-28 05:00:00,1019.2,78.0,10557.0,5623.0,10208.0
2024-07-28 06:00:00,1019.0,77.0,10695.0,5692.0,10339.0
2024-07-28 07:00:00,1018.7,77.0,10611.0,5564.0,10237.0
2024-07-28 08:00:00,1019.0,76.0,10538.0,5564.0,10307.0
2024-07-28 09:00:00,1019.4,75.0,10564.0,5646.0,10165.0
2024-07-28 10:00:00,1020.0,75.0,10774.0,5683.0,10421.0
2024-07-28 11:00:00,1020.5,76.0,10492.0,5600.0,10265.0
2024-07-28 12:00:00,1021.1,76.0,10612.0,5519.0,10246.0
2024-07-28 13:00:00,1021.2,77.0,10743.0,5678.0,10456.0
2024-07-28 14:00:00,1021.1,79.0,10646.0,5571.0,10172.0
2024-07-28 15:00:00,1020.8,78.0,10626.0,5705.0,10457.0
2024-07-28 16:00:00,1020.3,79.0,10778.0,5659.0,10364.0
2024-07-28 17:00:00,1020.3,76.0,10754.0,5667.0,10632.0
2024-07-28 18:00:00,1019.6,77.0,10638.0,5750.0,10362.0
2024-07-28 19:00:00,1019.3,76.0,10680.0,5661.0,10458.0
2024-07-28 20:00:00,1018.4,79.0,10474.0,5515.0,10219.0
2024-07-28 21:00:00,1018.6,78.0,10677.0,5614.0,10372.0
2024-07-28 22:00:00,1018.7,78.0,10733.0,5738.0,10530.0
2024-07-28 23:00:00,1019.7,77.0,10730.0,5770.0,10514.0
2024-07-29 00:00:00,1019.7,75.0,10769.0,5760.0,10514.0
2024-07-29 01:00:00,1019.4,74.0,10615.0,5671.0,10483.0
2024-07-29 02:00:00,1019.2,73.0,10431.0,5550.0,10198.0
2024-07-29 03:00:00,1019.6,73.0,10685.0,5823.0,10526.0
2024-07-29 04:00:00,1019.4,73.0,10668.0,5646.0,10342.0
2024-07-29 05:00:00,1018.8,73.0,10710.0,5726.0,10484.0
2024-07-29 06:00:00,1018.5,73.0,10539.0,5474.0,10200.0
2024-07-29 07:00:00,1018.2,74.0,10621.0,5612.0,10346.0
2024-07-29 08:00:00,1018.0,74.0,10728.0,5620.0,10393.0
2024-07-29 09:00:00,1018.2,73.0,10812.0,5750.0,10452.0
2024-07-29 10:00:00,1018.7,73.0,10729.0,5740.0,10436.0
2024-07-29 11:00:00,1019.0,73.0,10860.0,5783.0,10567.0
2024-07-29 12:00:00,1019.5,74.0,10638.0,5673.0,10484.0
2024-07-29 13:00:00,1019.6,76.0,10601.0,5582.0,10344.0
2024-07-29 14:00:00,1019.4,79.0,10616.0,5596.0,10450.0
2024-07-29 15:00:00,1019.4,81.0,10757.0,5750.0,10530.0
2024-07-29 16:00:00,1018.9,83.0,10680.0,5757.0,10540.0
2024-07-29 17:00:00,1017.7,86.0,10648.0,5680.0,10435.0
2024-07-29 18:00:00,1017.3,81.0,10803.0,5643.0,10458.0
2024-07-29 19:00:00,1016.4,82.0,10797.0,5668.0,10439.0
2024-07-29 20:00:00,1016.1,80.0,10699.0,5565.0,10339.0
2024-07-29 21:00:00,1016.2,79.0,10647.0,5617.0,10312.0
2024-07-29 22:00:00,1016.4,80.0,10443.0,5563.0,10402.0
2024-07-29 23:00:00,1016.1,81.0,10580.0,5601.0,10441.0
2024-07-30 00:00:00,1016.4,73.0,10701.0,5675.0,10582.0
2024-07-30 01:00:00,1016.7,73.0,10467.0,5460.0,10140.0
2024-07-30 02:00:00,1016.8,74.0,10760.0,5712.0,10454.0
2024-07-30 03:00:00,1016.9,72.0,10708.0,5621.0,10330.0
2024-07-30 04:00:00,1017.1,72.0,10591.0,5740.0,10415.0
2024-07-30 05:00:00,1016.2,72.0,10554.0,5495.0,10296.0
2024-07-30 06:00:00,1016.1,72.0,10628.0,5625.0,10382.0
2024-07-30 07:00:00,1015.9,72.0,10716.0,5626.0,10272.0
2024-07-30 08:00:00,1016.2,72.0,10663.0,5579.0,10269.0
2024-07-30 09:00:00,1016.5,73.0,10708.0,5736.0,10488.0
2024-07-30 10:00:00,1016.7,73.0,10674.0,5655.0,10367.0
2024-07-30 11:00:00,1017.5,74.0,10657.0,5749.0,10473.0
2024-07-30 12:00:00,1018.3,75.0,10596.0,5668.0,10317.0
2024-07-30 13:00:00,1018.4,77.0,10424.0,5507.0,10231.0
2024-07-30 14:00:00,1018.2,81.0,10682.0,5711.0,10482.0
2024-07-30 15:00:00,1018.4,84.0,10902.0,5788.0,10489.0
2024-07-30 16:00:00,1017.8,87.0,10428.0,5464.0,10159.0
2024-07-30 17:00:00,1017.1,87.0,10662.0,5656.0,10545.0
2024-07-30 18:00:00,1016.7,84.0,10609.0,5647.0,10266.0
2024-07-30 19:00:00,1015.1,89.0,10621.0,5579.0,10383.0
2024-07-30 20:00:00,1014.9,91.0,10883.0,5745.0,10424.0
2024-07-30 21:00:00,1014.7,90.0,10588.0,5647.0,10346.0
2024-07-30 22:00:00,1015.3,90.0,10610.0,5632.0,10363.0
2024-07-30 23:00:00,1016.1,88.0,10692.0,5658.0,10419.0
2024-07-31 00:00:00,1018.3,74.0,10541.0,5580.0,10224.0
2024-07-31 01:00:00,1017.2,74.0,10534.0,5636.0,10193.0
2024-07-31 02:00:00,1016.8,73.0,10744.0,5644.0,10346.0
2024-07-31 03:00:00,1017.2,73.0,10635.0,5625.0,10382.0
2024-07-31 04:00:00,1017.1,73.0,10547.0,5594.0,10273.0
2024-07-31 05:00:00,1016.5,73.0,10544.0,5547.0,10139.0
2024-07-31 06:00:00,1016.9,73.0,10892.0,5710.0,10441.0
2024-07-31 07:00:00,1016.4,73.0,10539.0,5590.0,10279.0
2024-07-31 08:00:00,1016.7,73.0,10660.0,5705.0,10496.0
2024-07-31 09:00:00,1016.9,73.0,10665.0,5654.0,10456.0
2024-07-31 10:00:00,1016.6,73.0,10582.0,5676.0,10298.0
2024-07-31 11:00:00,1017.6,74.0,10589.0,5561.0,10339.0
2024-07-31 12:00:00,1018.2,76.0,10433.0,5487.0,10252.0
2024-07-31 13:00:00,1018.6,77.0,10590.0,5591.0,10404.0
2024-07-31 14:00:00,1018.7,80.0,10605.0,5516.0,10011.0
2024-07-31 15:00:00,1019.1,83.0,10523.0,5565.0,10395.0
2024-07-31 16:00:00,1018.6,88.0,10566.0,5524.0,10255.0
2024-07-31 17:00:00,1017.9,90.0,10725.0,5731.0,10460.0
2024-07-31 18:00:00,1017.4,91.0,10472.0,5575.0,10241.0
2024-07-31 19:00:00,1017.0,85.0,10693.0,5639.0,10305.0
2024-07-31 20:00:00,1017.0,82.0,10713.0,5616.0,10219.0
2024-07-31 21:00:00,1016.8,81.0,10565.0,5630.0,10380.0
2024-07-31 22:00:00,1017.4,83.0,10574.0,5560.0,10282.0
2024-07-31 23:00:00,1017.8,83.0,10568.0,5592.0,10288.0
2024-08-01 00:00:00,1018.1,80.0,10614.0,5654.0,10271.0
2024-08-01 01:00:00,1018.6,79.0,10347.0,5516.0,10169.0
2024-08-01 02:00:00,1019.4,78.0,10580.0,5620.0,10339.0
2024-08-01 03:00:00,1019.3,77.0,10600.0,5574.0,10248.0
2024-08-01 04:00:00,1018.6,77.0,10636.0,5548.0,10131.0
2024-08-01 05:00:00,1018.2,77.0,10548.0,5602.0,10284.0
2024-08-01 06:00:00,1017.6,77.0,10235.0,5364.0,9977.0
2024-08-01 07:00:00,1017.4,76.0,10426.0,5530.0,10197.0
2024-08-01 08:00:00,1017.8,75.0,10478.0,5514.0,10153.0
2024-08-01 09:00:00,1018.0,75.0,10639.0,5530.0,10082.0
2024-08-01 10:00:00,1018.6,75.0,10563.0,5602.0,10297.0
2024-08-01 11:00:00,1019.5,76.0,10536.0,5509.0,10283.0
2024-08-01 12:00:00,1020.1,81.0,10563.0,5611.0,10254.0
2024-08-01 13:00:00,1020.3,85.0,10574.0,5575.0,10365.0
2024-08-01 14:00:00,1020.7,87.0,10642.0,5578.0,10254.0
2024-08-01 15:00:00,1020.6,90.0,10565.0,5599.0,10282.0
2024-08-01 16:00:00,1019.7,92.0,10441.0,5467.0,10120.0
2024-08-01 17:00:00,1019.0,91.0,10630.0,5542.0,10254.0
2024-08-01 18:00:00,1018.3,94.0,10568.0,5525.0,10198.0
2024-08-01 19:00:00,1017.7,94.0,10611.0,5602.0,10320.0
2024-08-01 20:00:00,1017.5,94.0,10750.0,5693.0,10455.0
2024-08-01 21:00:00,1017.7,93.0,10676.0,5729.0,10405.0
2024-08-01 22:00:00,1017.4,92.0,10290.0,5432.0,10063.0
2024-08-01 23:00:00,1017.3,91.0,10619.0,5664.0,10354.0
2024-08-02 00:00:00,1017.7,88.0,10483.0,5491.0,10231.0
2024-08-02 01:00:00,1017.7,86.0,10487.0,5525.0,10221.0
2024-08-02 02:00:00,1017.7,85.0,10568.0,5637.0,10328.0
2024-08-02 03:00:00,1017.8,85.0,10496.0,5595.0,10320.0
2024-08-02 04:00:00,1017.6,83.0,10415.0,5513.0,10084.0
2024-08-02 05:00:00,1017.1,82.0,10575.0,5547.0,10190.0
2024-08-02 06:00:00,1016.5,81.0,10666.0,5572.0,10179.0
2024-08-02 07:00:00,1016.4,80.0,10698.0,5696.0,10414.0
2024-08-02 08:00:00,1016.4,79.0,10490.0,5531.0,10181.0
2024-08-02 09:00:00,1016.4,79.0,10534.0,5590.0,10328.0
2024-08-02 10:00:00,1017.0,79.0,10460.0,5493.0,10168.0
2024-08-02 11:00:00,1017.4,80.0,10490.0,5552.0,10243.0
2024-08-02 12:00:00,1017.5,82.0,10578.0,5651.0,10310.0
2024-08-02 13:00:00,1017.2,85.0,10434.0,5562.0,10275.0
2024-08-02 14:00:00,1017.6,88.0,10763.0,5686.0,10473.0
2024-08-02 15:00:00,1017.0,88.0,10757.0,5779.0,10524.0
2024-08-02 16:00:00,1016.7,90.0,10511.0,5532.0,10413.0
2024-08-02 17:00:00,1015.6,91.0,10479.0,5463.0,10149.0
2024-08-02 18:00:00,1014.9,93.0,10557.0,5614.0,10323.0
2024-08-02 19:00:00,1014.5,92.0,10717.0,5610.0,10322.0
2024-08-02 20:00:00,1012.9,92.0,10554.0,5572.0,10417.0
2024-08-02 21:00:00,1013.0,92.0,10726.0,5605.0,10333.0
2024-08-02 22:00:00,1013.1,90.0,10467.0,5552.0,10279.0
2024-08-02 23:00:00,1013.4,85.0,10546.0,5628.0,10367.0
2024-08-03 00:00:00,1014.2,84.0,10582.0,5700.0,10355.0
2024-08-03 01:00:00,1014.4,82.0,10588.0,5645.0,10317.0
2024-08-03 02:00:00,1014.1,82.0,10698.0,5669.0,10342.0
2024-08-03 03:00:00,1014.3,82.0,10483.0,5487.0,10167.0
2024-08-03 04:00:00,1014.5,78.0,10581.0,5676.0,10491.0
2024-08-03 05:00:00,1013.3,76.0,10429.0,5476.0,10194.0
2024-08-03 06:00:00,1013.0,76.0,10585.0,5722.0,10420.0
2024-08-03 07:00:00,1012.6,76.0,10875.0,5768.0,10516.0
2024-08-03 08:00:00,1012.9,75.0,10686.0,5583.0,10279.0
2024-08-03 09:00:00,1013.3,74.0,10757.0,5737.0,10598.0
2024-08-03 10:00:00,1013.5,74.0,10616.0,5712.0,10377.0
2024-08-03 11:00:00,1013.9,74.0,10731.0,5702.0,10430.0
2024-08-03 12:00:00,1014.2,77.0,10591.0,5653.0,10420.0
2024-08-03 13:00:00,1014.1,81.0,10604.0,5638.0,10393.0
2024-08-03 14:00:00,1014.5,83.0,10560.0,5517.0,10333.0
2024-08-03 15:00:00,1014.4,86.0,10526.0,5517.0,10161.0
2024-08-03 16:00:00,1014.2,86.0,10626.0,5559.0,10110.0
2024-08-03 17:00:00,1014.0,86.0,10672.0,5590.0,10264.0
2024-08-03 18:00:00,1012.7,90.0,10544.0,5628.0,10298.0
2024-08-03 19:00:00,1012.0,90.0,10521.0,5628.0,10299.0
2024-08-03 20:00:00,1012.0,90.0,10533.0,5678.0,10315.0
2024-08-03 21:00:00,1011.7,90.0,10526.0,5627.0,10423.0
2024-08-03 22:00:00,1011.4,89.0,10392.0,5512.0,10086.0
2024-08-03 23:00:00,1012.1,87.0,10562.0,5618.0,10373.0
2024-08-04 00:00:00,1013.0,85.0,10412.0,5514.0,10067.0
2024-08-04 01:00:00,1013.5,83.0,10398.0,5575.0,10258.0
2024-08-04 02:00:00,1014.2,80.0,10531.0,5667.0,10411.0
2024-08-04 03:00:00,1014.6,79.0,10696.0,5676.0,10392.0
2024-08-04 04:00:00,1014.8,78.0,10836.0,5811.0,10477.0
2024-08-04 05:00:00,1014.3,77.0,10506.0,5517.0,10234.0
2024-08-04 06:00:00,1014.0,77.0,10574.0,5516.0,10250.0
2024-08-04 07:00:00,1013.8,76.0,10510.0,5590.0,10255.0
2024-08-04 08:00:00,1014.1,76.0,10671.0,5639.0,10389.0
2024-08-04 09:00:00,1014.4,75.0,10643.0,5566.0,10193.0
2024-08-04 10:00:00,1014.8,74.0,10716.0,5623.0,10295.0
2024-08-04 11:00:00,1015.5,75.0,10691.0,5678.0,10394.0
2024-08-04 12:00:00,1016.1,76.0,10418.0,5518.0,10325.0
2024-08-04 13:00:00,1016.0,82.0,10617.0,5557.0,10301.0
2024-08-04 14:00:00,1015.9,85.0,10700.0,5713.0,10402.0
2024-08-04 15:00:00,1016.1,87.0,10660.0,5630.0,10279.0
2024-08-04 16:00:00,1015.9,89.0,10585.0,5584.0,10395.0
2024-08-04 17:00:00,1015.6,90.0,10649.0,5628.0,10336.0
2024-08-04 18:00:00,1015.2,88.0,10636.0,5579.0,10337.0
2024-08-04 19:00:00,1014.9,83.0,10659.0,5620.0,10359.0
2024-08-04 20:00:00,1014.8,83.0,10444.0,5427.0,10072.0
2024-08-04 21:00:00,1014.5,88.0,10631.0,5570.0,10213.0
2024-08-04 22:00:00,1015.0,87.0,10431.0,5481.0,10227.0
2024-08-04 23:00:00,1015.3,86.0,10640.0,5596.0,10382.0
2024-08-05 00:00:00,1015.5,84.0,10574.0,5624.0,10173.0
2024-08-05 01:00:00,1016.0,82.0,10556.0,5563.0,10286.0
2024-08-05 02:00:00,1016.9,81.0,10578.0,5594.0,10234.0
2024-08-05 03:00:00,1016.9,80.0,10528.0,5533.0,10232.0
2024-08-05 04:00:00,1016.8,78.0,10426.0,5516.0,10131.0
2024-08-05 05:00:00,1016.5,77.0,10656.0,5549.0,10265.0
2024-08-05 06:00:00,1016.1,77.0,10721.0,5750.0,10355.0
2024-08-05 07:00:00,1015.5,76.0,10614.0,5581.0,10372.0
2024-08-05 08:00:00,1015.5,76.0,10446.0,5474.0,10173.0
2024-08-05 09:00:00,1015.6,75.0,10563.0,5554.0,10192.0
2024-08-05 10:00:00,1016.0,75.0,10700.0,5683.0,10355.0
2024-08-05 11:00:00,1016.7,75.0,10742.0,5676.0,10434.0
2024-08-05 12:00:00,1016.7,78.0,10653.0,5538.0,10209.0
2024-08-05 13:00:00,1017.1,80.0,10722.0,5763.0,10453.0
2024-08-05 14:00:00,1016.8,83.0,10568.0,5580.0,10263.0
2024-08-05 15:00:00,1016.5,86.0,10518.0,5673.0,10445.0
2024-08-05 16:00:00,1016.0,87.0,10784.0,5658.0,10337.0
2024-08-05 17:00:00,1015.2,89.0,10695.0,5685.0,10481.0
2024-08-05 18:00:00,1014.7,91.0,10640.0,5607.0,10348.0
2024-08-05 19:00:00,1014.3,91.0,10961.0,5760.0,10546.0
2024-08-05 20:00:00,1013.7,92.0,10632.0,5646.0,10458.0
2024-08-05 21:00:00,1013.4,89.0,10761.0,5759.0,10499.0
2024-08-05 22:00:00,1013.2,88.0,10579.0,5522.0,10293.0
2024-08-05 23:00:00,1013.5,86.0,10628.0,5649.0,10357.0
2024-08-06 00:00:00,1013.8,83.0,10558.0,5507.0,10196.0
2024-08-06 01:00:00,1014.3,82.0,10595.0,5613.0,10327.0
2024-08-06 02:00:00,1014.5,81.0,10700.0,5734.0,10440.0
2024-08-06 03:00:00,1014.5,80.0,10376.0,5533.0,10181.0
2024-08-06 04:00:00,1014.4,79.0,10610.0,5613.0,10413.0
2024-08-06 05:00:00,1013.5,78.0,10536.0,5555.0,10313.0
2024-08-06 06:00:00,1012.8,78.0,10545.0,5627.0,10427.0
2024-08-06 07:00:00,1012.6,78.0,10604.0,5589.0,10310.0
2024-08-06 08:00:00,1012.6,77.0,10555.0,5552.0,10296.0
2024-08-06 09:00:00,1012.6,77.0,10956.0,5852.0,10605.0
2024-08-06 10:00:00,1013.1,78.0,10697.0,5567.0,10397.0
2024-08-06 11:00:00,1013.5,78.0,10726.0,5666.0,10422.0
2024-08-06 12:00:00,1013.9,79.0,10582.0,5670.0,10404.0
2024-08-06 13:00:00,1013.4,82.0,10705.0,5743.0,10407.0
2024-08-06 14:00:00,1013.8,83.0,10863.0,5767.0,10396.0
2024-08-06 15:00:00,1013.5,84.0,10791.0,5696.0,10375.0
2024-08-06 16:00:00,1012.6,87.0,10854.0,5794.0,10645.0
2024-08-06 17:00:00,1011.7,88.0,10878.0,5748.0,10730.0
2024-08-06 18:00:00,1010.9,88.0,10850.0,5571.0,10460.0
2024-08-06 19:00:00,1010.1,90.0,10769.0,5556.0,10239.0
2024-08-06 20:00:00,1009.6,91.0,10705.0,5691.0,10500.0
2024-08-06 21:00:00,1009.2,90.0,10583.0,5630.0,10280.0
2024-08-06 22:00:00,1008.8,90.0,10634.0,5661.0,10489.0
2024-08-06 23:00:00,1008.8,87.0,10565.0,5653.0,10288.0
2024-08-07 00:00:00,1009.3,86.0,10682.0,5739.0,10467.0
2024-08-07 01:00:00,1009.5,86.0,10555.0,5590.0,10314.0
2024-08-07 02:00:00,1009.8,84.0,10637.0,5624.0,10276.0
2024-08-07 03:00:00,1009.7,83.0,10851.0,5813.0,10556.0
2024-08-07 04:00:00,1009.9,83.0,10520.0,5663.0,10366.0
2024-08-07 05:00:00,1009.7,81.0,10846.0,5747.0,10488.0
2024-08-07 06:00:00,1009.2,80.0,10751.0,5728.0,10500.0
2024-08-07 07:00:00,1008.5,77.0,10630.0,5631.0,10467.0
2024-08-07 08:00:00,1008.2,76.0,10612.0,5611.0,10455.0
2024-08-07 09:00:00,1008.0,75.0,10668.0,5679.0,10454.0
2024-08-07 10:00:00,1008.6,75.0,10738.0,5674.0,10442.0
2024-08-07 11:00:00,1008.9,76.0,10848.0,5701.0,10508.0
2024-08-07 12:00:00,1009.3,79.0,10881.0,5698.0,10474.0
2024-08-07 13:00:00,1009.4,83.0,10822.0,5730.0,10520.0
2024-08-07 14:00:00,1008.8,85.0,10925.0,5793.0,10616.0
2024-08-07 15:00:00,1008.5,90.0,10758.0,5600.0,10400.0
2024-08-07 16:00:00,1007.9,91.0,10811.0,5789.0,10467.0
2024-08-07 17:00:00,1007.2,93.0,11047.0,5986.0,10840.0
2024-08-07 18:00:00,1006.5,93.0,10811.0,5737.0,10551.0
2024-08-07 19:00:00,1005.7,94.0,10957.0,5772.0,10623.0
2024-08-07 20:00:00,1005.2,96.0,10727.0,5647.0,10484.0
2024-08-07 21:00:00,1004.8,95.0,10896.0,5638.0,10486.0
2024-08-07 22:00:00,1004.8,93.0,10818.0,5700.0,10532.0
2024-08-07 23:00:00,1005.0,91.0,10845.0,5755.0,10584.0
2024-08-08 00:00:00,1005.1,88.0,10561.0,5529.0,10413.0
2024-08-08 01:00:00,1005.3,86.0,10543.0,5588.0,10284.0
2024-08-08 02:00:00,1005.5,86.0,10741.0,5757.0,10578.0
2024-08-08 03:00:00,1005.6,87.0,10691.0,5589.0,10305.0
2024-08-08 04:00:00,1005.5,84.0,10732.0,5747.0,10408.0
2024-08-08 05:00:00,1005.2,83.0,10650.0,5688.0,10562.0
2024-08-08 06:00:00,1005.1,83.0,10896.0,5764.0,10536.0
2024-08-08 07:00:00,1005.1,82.0,10587.0,5600.0,10306.0
2024-08-08 08:00:00,1004.8,80.0,10757.0,5700.0,10668.0
2024-08-08 09:00:00,1005.0,81.0,10824.0,5775.0,10433.0
2024-08-08 10:00:00,1005.5,80.0,10679.0,5686.0,10494.0
2024-08-08 11:00:00,1005.7,78.0,10810.0,5773.0,10601.0
2024-08-08 12:00:00,1006.0,82.0,10773.0,5626.0,10410.0
2024-08-08 13:00:00,1005.8,85.0,10788.0,5684.0,10515.0
2024-08-08 14:00:00,1005.8,87.0,10924.0,5768.0,10582.0
2024-08-08 15:00:00,1005.8,89.0,10972.0,5827.0,10597.0
2024-08-08 16:00:00,1005.4,92.0,10924.0,5851.0,10819.0
2024-08-08 17:00:00,1005.1,92.0,10763.0,5675.0,10529.0
2024-08-08 18:00:00,1005.0,92.0,10709.0,5625.0,10372.0
2024-08-08 19:00:00,1004.8,94.0,10904.0,5774.0,10704.0
2024-08-08 20:00:00,1004.5,95.0,10818.0,5685.0,10475.0
2024-08-08 21:00:00,1004.5,94.0,10879.0,5726.0,10477.0
2024-08-08 22:00:00,1004.9,93.0,10906.0,5636.0,10510.0
2024-08-08 23:00:00,1005.4,91.0,10762.0,5648.0,10425.0
2024-08-09 00:00:00,1006.2,86.0,10585.0,5588.0,10400.0
2024-08-09 01:00:00,1006.7,85.0,10689.0,5667.0,10396.0
2024-08-09 02:00:00,1007.5,83.0,10529.0,5572.0,10413.0
2024-08-09 03:00:00,1007.7,82.0,10649.0,5592.0,10353.0
2024-08-09 04:00:00,1007.9,81.0,10690.0,5655.0,10332.0
2024-08-09 05:00:00,1007.9,80.0,10604.0,5592.0,10329.0
2024-08-09 06:00:00,1007.9,79.0,10741.0,5650.0,10337.0
2024-08-09 07:00:00,1008.2,78.0,10637.0,5563.0,10403.0
2024-08-09 08:00:00,1008.1,78.0,10630.0,5564.0,10195.0
2024-08-09 09:00:00,1008.7,77.0,10879.0,5671.0,10318.0
2024-08-09 10:00:00,1009.7,76.0,10628.0,5724.0,10517.0
2024-08-09 11:00:00,1010.3,78.0,10647.0,5604.0,10496.0
2024-08-09 12:00:00,1010.8,80.0,10922.0,5799.0,10470.0
2024-08-09 13:00:00,1011.1,84.0,10818.0,5690.0,10393.0
2024-08-09 14:00:00,1011.7,88.0,10761.0,5643.0,10458.0
2024-08-09 15:00:00,1011.9,90.0,10706.0,5643.0,10389.0
2024-08-09 16:00:00,1011.7,92.0,10874.0,5772.0,10517.0
2024-08-09 17:00:00,1011.5,93.0,10864.0,5749.0,10475.0
2024-08-09 18:00:00,1011.5,95.0,10694.0,5644.0,10370.0
2024-08-09 19:00:00,1011.1,95.0,10581.0,5577.0,10388.0
2024-08-09 20:00:00,1011.2,93.0,10748.0,5723.0,10501.0
2024-08-09 21:00:00,1011.3,94.0,10558.0,5547.0,10369.0
2024-08-09 22:00:00,1011.6,92.0,10669.0,5671.0,10420.0
2024-08-09 23:00:00,1011.9,90.0,10583.0,5653.0,10402.0
2024-08-10 00:00:00,1012.6,87.0,10604.0,5542.0,10284.0
2024-08-10 01:00:00,1013.4,86.0,10636.0,5773.0,10434.0
2024-08-10 02:00:00,1013.8,84.0,10750.0,5670.0,10333.0
2024-08-10 03:00:00,1014.0,82.0,10546.0,5612.0,10315.0
2024-08-10 04:00:00,1014.3,81.0,10564.0,5519.0,10123.0
2024-08-10 05:00:00,1014.0,79.0,10482.0,5577.0,10398.0
2024-08-10 06:00:00,1013.9,78.0,10650.0,5666.0,10270.0
2024-08-10 07:00:00,1014.1,76.0,10528.0,5508.0,10141.0
2024-08-10 08:00:00,1014.2,75.0,10524.0,5581.0,10274.0
2024-08-10 09:00:00,1014.8,74.0,10558.0,5569.0,10249.0
2024-08-10 10:00:00,1015.2,73.0,10555.0,5575.0,10368.0
2024-08-10 11:00:00,1015.7,74.0,10533.0,5661.0,10348.0
2024-08-10 12:00:00,1016.4,77.0,10681.0,5702.0,10470.0
2024-08-10 13:00:00,1016.3,81.0,10510.0,5511.0,10322.0
2024-08-10 14:00:00,1016.7,84.0,10564.0,5564.0,10248.0
2024-08-10 15:00:00,1017.0,87.0,10630.0,5648.0,10468.0
2024-08-10 16:00:00,1016.7,89.0,10717.0,5671.0,10302.0
2024-08-10 17:00:00,1016.5,89.0,10680.0,5741.0,10469.0
2024-08-10 18:00:00,1015.9,91.0,10728.0,5706.0,10459.0
2024-08-10 19:00:00,1015.3,92.0,10622.0,5628.0,10271.0
2024-08-10 20:00:00,1015.0,92.0,10478.0,5562.0,10243.0
2024-08-10 21:00:00,1014.9,92.0,10442.0,5500.0,10154.0
2024-08-10 22:00:00,1015.0,90.0,10478.0,5546.0,10306.0
2024-08-10 23:00:00,1015.5,87.0,10496.0,5600.0,10352.0
2024-08-11 00:00:00,1015.9,85.0,10333.0,5479.0,10074.0
2024-08-11 01:00:00,1016.1,84.0,10414.0,5555.0,10133.0
2024-08-11 02:00:00,1016.4,82.0,10413.0,5498.0,10137.0
2024-08-11 03:00:00,1016.5,80.0,10649.0,5611.0,10327.0
2024-08-11 04:00:00,1016.4,79.0,10477.0,5576.0,10207.0
2024-08-11 05:00:00,1016.0,77.0,10708.0,5726.0,10387.0
2024-08-11 06:00:00,1015.8,75.0,10254.0,5470.0,9991.0
2024-08-11 07:00:00,1015.6,73.0,10390.0,5449.0,10096.0
2024-08-11 08:00:00,1015.9,72.0,10492.0,5598.0,10224.0
2024-08-11 09:00:00,1016.2,70.0,10518.0,5570.0,10147.0
2024-08-11 10:00:00,1016.7,70.0,10370.0,5450.0,10118.0
2024-08-11 11:00:00,1017.0,71.0,10481.0,5544.0,10161.0
2024-08-11 12:00:00,1017.0,73.0,10314.0,5466.0,9941.0
2024-08-11 13:00:00,1017.3,77.0,10356.0,5498.0,10216.0
2024-08-11 14:00:00,1017.2,82.0,10329.0,5512.0,10133.0
2024-08-11 15:00:00,1017.2,84.0,10305.0,5462.0,10136.0
2024-08-11 16:00:00,1017.0,87.0,10454.0,5531.0,10157.0
2024-08-11 17:00:00,1016.6,89.0,10350.0,5551.0,10229.0
2024-08-11 18:00:00,1016.5,91.0,10519.0,5649.0,10314.0
2024-08-11 19:00:00,1015.5,90.0,10519.0,5559.0,10202.0
2024-08-11 20:00:00,1015.0,91.0,10400.0,5432.0,10001.0
2024-08-11 21:00:00,1014.9,90.0,10381.0,5479.0,9983.0
2024-08-11 22:00:00,1015.0,89.0,10132.0,5357.0,9972.0
2024-08-11 23:00:00,1015.3,86.0,10344.0,5378.0,9930.0
2024-08-12 00:00:00,1015.5,84.0,10148.0,5373.0,10036.0
2024-08-12 01:00:00,1015.7,83.0,10501.0,5497.0,10215.0
2024-08-12 02:00:00,1016.3,80.0,10442.0,5595.0,10252.0
2024-08-12 03:00:00,1016.3,78.0,10414.0,5469.0,10019.0
2024-08-12 04:00:00,1016.1,76.0,10518.0,5601.0,10301.0
2024-08-12 05:00:00,1015.9,75.0,10653.0,5737.0,10460.0
2024-08-12 06:00:00,1015.5,73.0,10430.0,5439.0,10126.0
2024-08-12 07:00:00,1015.4,72.0,10577.0,5515.0,10136.0
2024-08-12 08:00:00,1015.1,72.0,10428.0,5458.0,10221.0
2024-08-12 09:00:00,1015.4,71.0,10480.0,5524.0,10226.0
2024-08-12 10:00:00,1015.8,70.0,10532.0,5510.0,10179.0
2024-08-12 11:00:00,1016.6,71.0,10378.0,5449.0,10096.0
2024-08-12 12:00:00,1017.1,75.0,10450.0,5483.0,10192.0
2024-08-12 13:00:00,1017.3,79.0,10472.0,5548.0,10198.0
2024-08-12 14:00:00,1017.3,83.0,10523.0,5467.0,10187.0
2024-08-12 15:00:00,1017.4,86.0,10589.0,5634.0,10367.0
2024-08-12 16:00:00,1017.0,88.0,10639.0,5560.0,10108.0
2024-08-12 17:00:00,1016.7,89.0,10369.0,5527.0,10093.0
2024-08-12 18:00:00,1016.1,91.0,10380.0,5536.0,10282.0
2024-08-12 19:00:00,1015.7,91.0,10599.0,5599.0,10159.0
2024-08-12 20:00:00,1015.2,91.0,10566.0,5653.0,10353.0
2024-08-12 21:00:00,1015.4,91.0,10561.0,5657.0,10372.0
2024-08-12 22:00:00,1015.3,89.0,10537.0,5530.0,10373.0
2024-08-12 23:00:00,1015.5,87.0,10507.0,5467.0,10112.0
2024-08-13 00:00:00,1015.8,84.0,10424.0,5521.0,10121.0
2024-08-13 01:00:00,1016.4,82.0,10460.0,5581.0,10193.0
2024-08-13 02:00:00,1016.5,80.0,10418.0,5563.0,10275.0
2024-08-13 03:00:00,1016.4,79.0,10351.0,5464.0,10149.0
2024-08-13 04:00:00,1016.1,78.0,10398.0,5443.0,10092.0
2024-08-13 05:00:00,1015.8,76.0,10542.0,5573.0,10139.0
2024-08-13 06:00:00,1015.7,75.0,10563.0,5561.0,10261.0
2024-08-13 07:00:00,1015.7,74.0,10387.0,5439.0,10019.0
2024-08-13 08:00:00,1015.6,73.0,10746.0,5636.0,10300.0
2024-08-13 09:00:00,1016.0,73.0,10548.0,5578.0,10250.0
2024-08-13 10:00:00,1016.4,72.0,10454.0,5456.0,10183.0
2024-08-13 11:00:00,1016.7,74.0,10638.0,5713.0,10345.0
2024-08-13 12:00:00,1016.9,78.0,10588.0,5672.0,10318.0
2024-08-13 13:00:00,1017.1,82.0,10515.0,5517.0,10282.0
2024-08-13 14:00:00,1017.2,86.0,10622.0,5658.0,10341.0
2024-08-13 15:00:00,1017.5,88.0,10586.0,5661.0,10331.0
2024-08-13 16:00:00,1017.4,89.0,10477.0,5617.0,10263.0
2024-08-13 17:00:00,1016.5,90.0,10602.0,5606.0,10320.0
2024-08-13 18:00:00,1016.3,91.0,10526.0,5597.0,10302.0
2024-08-13 19:00:00,1015.8,91.0,10507.0,5544.0,10287.0
2024-08-13 20:00:00,1015.6,92.0,10617.0,5736.0,10326.0
2024-08-13 21:00:00,1015.5,92.0,10689.0,5665.0,10353.0
2024-08-13 22:00:00,1015.5,91.0,10627.0,5609.0,10184.0
2024-08-13 23:00:00,1015.7,89.0,10513.0,5603.0,10189.0
2024-08-14 00:00:00,1016.2,85.0,10363.0,5438.0,10121.0
2024-08-14 01:00:00,1016.6,84.0,10586.0,5606.0,10443.0
2024-08-14 02:00:00,1016.4,85.0,10430.0,5511.0,10276.0
2024-08-14 03:00:00,1016.5,83.0,10632.0,5541.0,10183.0
2024-08-14 04:00:00,1016.8,80.0,10566.0,5472.0,10193.0
2024-08-14 05:00:00,1016.7,77.0,10598.0,5638.0,10264.0
2024-08-14 06:00:00,1016.6,76.0,10697.0,5626.0,10353.0
2024-08-14 07:00:00,1016.6,76.0,10637.0,5672.0,10347.0
2024-08-14 08:00:00,1017.0,76.0,10730.0,5605.0,10395.0
2024-08-14 09:00:00,1017.2,77.0,10582.0,5639.0,10359.0
2024-08-14 10:00:00,1017.6,77.0,10502.0,5505.0,10214.0
2024-08-14 11:00:00,1018.2,76.0,10689.0,5685.0,10437.0
2024-08-14 12:00:00,1018.5,77.0,10435.0,5518.0,10281.0
2024-08-14 13:00:00,1018.8,78.0,10714.0,5692.0,10405.0
2024-08-14 14:00:00,1019.0,81.0,10559.0,5563.0,10302.0
2024-08-14 15:00:00,1018.9,83.0,10590.0,5556.0,10241.0
2024-08-14 16:00:00,1018.6,85.0,10684.0,5715.0,10298.0
2024-08-14 17:00:00,1017.7,86.0,10529.0,5547.0,10209.0
2024-08-14 18:00:00,1017.2,89.0,10823.0,5701.0,10455.0
2024-08-14 19:00:00,1016.7,89.0,10781.0,5716.0,10356.0
2024-08-14 20:00:00,1016.3,89.0,10681.0,5574.0,10229.0
2024-08-14 21:00:00,1016.2,91.0,10630.0,5517.0,10460.0
2024-08-14 22:00:00,1016.1,88.0,10632.0,5600.0,10257.0
2024-08-14 23:00:00,1016.3,85.0,10622.0,5549.0,10128.0
2024-08-15 00:00:00,1016.4,83.0,10557.0,5519.0,10106.0
2024-08-15 01:00:00,1016.8,82.0,10477.0,5570.0,10315.0
2024-08-15 02:00:00,1017.3,81.0,10470.0,5416.0,10095.0
2024-08-15 03:00:00,1017.4,81.0,10516.0,5545.0,10206.0
2024-08-15 04:00:00,1017.3,79.0,10604.0,5579.0,10226.0
2024-08-15 05:00:00,1016.7,77.0,10557.0,5662.0,10228.0
2024-08-15 06:00:00,1016.4,76.0,10386.0,5472.0,10034.0
2024-08-15 07:00:00,1016.5,75.0,10474.0,5547.0,10223.0
2024-08-15 08:00:00,1016.9,75.0,10731.0,5633.0,10438.0
2024-08-15 09:00:00,1017.7,75.0,10742.0,5623.0,10336.0
2024-08-15 10:00:00,1018.3,74.0,10475.0,5481.0,10320.0
2024-08-15 11:00:00,1018.6,74.0,10546.0,5557.0,10308.0
2024-08-15 12:00:00,1019.0,77.0,10600.0,5578.0,10303.0
2024-08-15 13:00:00,1019.6,80.0,10731.0,5681.0,10415.0
2024-08-15 14:00:00,1019.3,82.0,10522.0,5562.0,10249.0
2024-08-15 15:00:00,1019.0,84.0,10809.0,5687.0,10315.0
2024-08-15 16:00:00,1018.6,86.0,10596.0,5584.0,10322.0
2024-08-15 17:00:00,1018.0,88.0,10563.0,5621.0,10405.0
2024-08-15 18:00:00,1017.6,88.0,10549.0,5592.0,10382.0
2024-08-15 19:00:00,1017.4,87.0,10657.0,5704.0,10433.0
2024-08-15 20:00:00,1016.7,88.0,10534.0,5561.0,10337.0
2024-08-15 21:00:00,1016.7,87.0,10585.0,5562.0,10275.0
2024-08-15 22:00:00,1016.2,88.0,10648.0,5551.0,10270.0
2024-08-15 23:00:00,1016.6,86.0,10601.0,5506.0,10250.0
2024-08-16 00:00:00,1016.7,84.0,10448.0,5518.0,10204.0
2024-08-16 01:00:00,1017.6,82.0,10594.0,5612.0,10279.0
2024-08-16 02:00:00,1018.0,81.0,10414.0,5492.0,10186.0
2024-08-16 03:00:00,1018.0,79.0,10543.0,5580.0,10309.0
2024-08-16 04:00:00,1017.8,78.0,10664.0,5645.0,10265.0
2024-08-16 05:00:00,1017.5,77.0,10553.0,5532.0,10280.0
2024-08-16 06:00:00,1017.2,77.0,10648.0,5589.0,10376.0
2024-08-16 07:00:00,1017.2,76.0,10580.0,5589.0,10184.0
2024-08-16 08:00:00,1017.2,74.0,10607.0,5671.0,10338.0
2024-08-16 09:00:00,1017.4,74.0,10334.0,5554.0,10220.0
2024-08-16 10:00:00,1017.6,73.0,10631.0,5624.0,10435.0
2024-08-16 11:00:00,1018.5,74.0,10694.0,5717.0,10504.0
2024-08-16 12:00:00,1019.1,76.0,10803.0,5761.0,10510.0
2024-08-16 13:00:00,1019.4,78.0,10550.0,5556.0,10333.0
2024-08-16 14:00:00,1019.5,81.0,10548.0,5578.0,10307.0
2024-08-16 15:00:00,1019.1,84.0,10622.0,5576.0,10218.0
2024-08-16 16:00:00,1018.7,86.0,10746.0,5770.0,10558.0
2024-08-16 17:00:00,1018.0,88.0,10732.0,5735.0,10380.0
2024-08-16 18:00:00,1017.0,90.0,10510.0,5638.0,10362.0
2024-08-16 19:00:00,1016.4,90.0,10612.0,5655.0,10312.0
2024-08-16 20:00:00,1015.7,91.0,10532.0,5563.0,10371.0
2024-08-16 21:00:00,1014.7,91.0,10641.0,5607.0,10399.0
2024-08-16 22:00:00,1014.3,89.0,10473.0,5458.0,10050.0
2024-08-16 23:00:00,1015.8,88.0,10515.0,5536.0,10187.0
2024-08-17 00:00:00,1016.5,86.0,10572.0,5610.0,10349.0
2024-08-17 01:00:00,1019.3,75.0,10705.0,5589.0,10299.0
2024-08-17 02:00:00,1019.4,72.0,10568.0,5522.0,10141.0
2024-08-17 03:00:00,1017.9,72.0,10465.0,5459.0,10215.0
2024-08-17 04:00:00,1016.9,73.0,10627.0,5609.0,10214.0
2024-08-17 05:00:00,1016.0,73.0,10529.0,5548.0,10242.0
2024-08-17 06:00:00,1015.2,72.0,10709.0,5674.0,10561.0
2024-08-17 07:00:00,1015.0,71.0,10252.0,5358.0,10024.0
2024-08-17 08:00:00,1014.7,72.0,10620.0,5676.0,10473.0
2024-08-17 09:00:00,1014.8,72.0,10625.0,5677.0,10369.0
2024-08-17 10:00:00,1015.2,72.0,10641.0,5630.0,10367.0
2024-08-17 11:00:00,1015.6,73.0,10461.0,5472.0,10127.0
2024-08-17 12:00:00,1015.7,77.0,10649.0,5623.0,10319.0
2024-08-17 13:00:00,1016.1,80.0,10776.0,5709.0,10503.0
2024-08-17 14:00:00,1016.0,84.0,10505.0,5598.0,10288.0
2024-08-17 15:00:00,1016.1,86.0,10426.0,5543.0,10150.0
2024-08-17 16:00:00,1015.6,90.0,10434.0,5619.0,10260.0
2024-08-17 17:00:00,1014.9,91.0,10508.0,5477.0,10213.0
2024-08-17 18:00:00,1013.9,92.0,10512.0,5622.0,10286.0
2024-08-17 19:00:00,1012.4,93.0,10652.0,5704.0,10325.0
2024-08-17 20:00:00,1011.3,94.0,10530.0,5518.0,10118.0
2024-08-17 21:00:00,1011.6,94.0,10543.0,5553.0,10252.0
2024-08-17 22:00:00,1012.0,92.0,10507.0,5589.0,10287.0
2024-08-17 23:00:00,1012.7,79.0,10507.0,5610.0,10390.0
2024-08-18 00:00:00,1015.1,75.0,10351.0,5558.0,10178.0
2024-08-18 01:00:00,1015.6,73.0,10601.0,5616.0,10332.0
2024-08-18 02:00:00,1014.7,73.0,10526.0,5632.0,10298.0
2024-08-18 03:00:00,1014.2,73.0,10599.0,5629.0,10373.0
2024-08-18 04:00:00,1014.0,73.0,10682.0,5745.0,10450.0
2024-08-18 05:00:00,1013.6,73.0,10687.0,5685.0,10363.0
2024-08-18 06:00:00,1013.2,73.0,10527.0,5587.0,10201.0
2024-08-18 07:00:00,1012.7,73.0,10568.0,5571.0,10345.0
2024-08-18 08:00:00,1012.2,73.0,10707.0,5684.0,10335.0
2024-08-18 09:00:00,1011.9,73.0,10623.0,5603.0,10230.0
2024-08-18 10:00:00,1012.2,73.0,10547.0,5562.0,10214.0
2024-08-18 11:00:00,1013.1,73.0,10512.0,5559.0,10370.0
2024-08-18 12:00:00,1013.8,73.0,10591.0,5595.0,10289.0
2024-08-18 13:00:00,1014.0,75.0,10719.0,5682.0,10500.0
2024-08-18 14:00:00,1014.2,78.0,10474.0,5545.0,10347.0
2024-08-18 15:00:00,1013.9,82.0,10537.0,5657.0,10233.0
2024-08-18 16:00:00,1013.4,84.0,10845.0,5769.0,10539.0
2024-08-18 17:00:00,1012.7,88.0,10694.0,5584.0,10276.0
2024-08-18 18:00:00,1011.9,90.0,10436.0,5577.0,10240.0
2024-08-18 19:00:00,1011.0,90.0,10583.0,5548.0,10319.0
2024-08-18 20:00:00,1010.9,83.0,10582.0,5558.0,10280.0
2024-08-18 21:00:00,1010.2,84.0,10692.0,5602.0,10272.0
2024-08-18 22:00:00,1010.4,78.0,10795.0,5735.0,10462.0
2024-08-18 23:00:00,1010.7,79.0,10725.0,5712.0,10398.0
2024-08-19 00:00:00,1011.0,77.0,10570.0,5574.0,10138.0
2024-08-19 01:00:00,1011.2,76.0,10586.0,5650.0,10406.0
2024-08-19 02:00:00,1011.5,75.0,10548.0,5628.0,10274.0
2024-08-19 03:00:00,1011.3,74.0,10495.0,5575.0,10291.0
2024-08-19 04:00:00,1011.7,74.0,10587.0,5638.0,10398.0
2024-08-19 05:00:00,1011.7,74.0,10648.0,5653.0,10574.0
2024-08-19 06:00:00,1011.0,73.0,10724.0,5771.0,10425.0
2024-08-19 07:00:00,1010.7,72.0,10642.0,5713.0,10473.0
2024-08-19 08:00:00,1010.3,71.0,10586.0,5527.0,10309.0
2024-08-19 09:00:00,1010.4,71.0,10706.0,5748.0,10497.0
2024-08-19 10:00:00,1011.3,71.0,10860.0,5781.0,10444.0
2024-08-19 11:00:00,1011.8,71.0,10733.0,5548.0,10350.0
2024-08-19 12:00:00,1012.2,74.0,10724.0,5714.0,10370.0
2024-08-19 13:00:00,1012.6,77.0,10613.0,5636.0,10492.0
2024-08-19 14:00:00,1012.7,81.0,10814.0,5776.0,10575.0
2024-08-19 15:00:00,1012.9,83.0,10659.0,5699.0,10504.0
2024-08-19 16:00:00,1012.6,85.0,10567.0,5591.0,10450.0
2024-08-19 17:00:00,1012.4,87.0,10704.0,5742.0,10667.0
2024-08-19 18:00:00,1011.9,88.0,10519.0,5523.0,10263.0
2024-08-19 19:00:00,1011.6,88.0,10634.0,5633.0,10349.0
2024-08-19 20:00:00,1011.3,88.0,10623.0,5600.0,10191.0
2024-08-19 21:00:00,1011.3,87.0,10646.0,5596.0,10361.0
2024-08-19 22:00:00,1011.3,86.0,10606.0,5586.0,10303.0
2024-08-19 23:00:00,1011.8,84.0,10585.0,5634.0,10404.0
2024-08-20 00:00:00,1012.2,81.0,10714.0,5656.0,10497.0
2024-08-20 01:00:00,1012.6,79.0,10650.0,5622.0,10325.0
2024-08-20 02:00:00,1013.2,78.0,10555.0,5668.0,10442.0
2024-08-20 03:00:00,1013.1,76.0,10766.0,5755.0,10418.0
2024-08-20 04:00:00,1013.0,75.0,10651.0,5645.0,10264.0
2024-08-20 05:00:00,1012.8,74.0,10532.0,5630.0,10244.0
2024-08-20 06:00:00,1012.7,72.0,10678.0,5683.0,10399.0
2024-08-20 07:00:00,1012.9,72.0,10652.0,5709.0,10469.0
2024-08-20 08:00:00,1012.9,71.0,10607.0,5570.0,10253.0
2024-08-20 09:00:00,1013.1,70.0,10639.0,5601.0,10317.0
2024-08-20 10:00:00,1013.9,70.0,10762.0,5713.0,10425.0
2024-08-20 11:00:00,1014.5,70.0,10512.0,5651.0,10350.0
2024-08-20 12:00:00,1014.8,73.0,10682.0,5684.0,10401.0
2024-08-20 13:00:00,1015.1,79.0,10840.0,5794.0,10467.0
2024-08-20 14:00:00,1015.3,81.0,10859.0,5840.0,10605.0
2024-08-20 15:00:00,1015.1,82.0,10688.0,5593.0,10263.0
2024-08-20 16:00:00,1014.9,83.0,10725.0,5758.0,10567.0
2024-08-20 17:00:00,1014.3,85.0,10715.0,5616.0,10418.0
2024-08-20 18:00:00,1013.8,87.0,10729.0,5701.0,10492.0
2024-08-20 19:00:00,1013.5,86.0,10782.0,5725.0,10443.0
2024-08-20 20:00:00,1013.4,88.0,10936.0,5811.0,10540.0
2024-08-20 21:00:00,1013.5,87.0,10655.0,5662.0,10432.0
2024-08-20 22:00:00,1013.7,86.0,10685.0,5675.0,10441.0
2024-08-20 23:00:00,1014.4,82.0,10654.0,5626.0,10239.0
