,counts
2024-07-15 20:00:00+00:00,10704.0
2024-07-15 21:00:00+00:00,10878.0
2024-07-15 22:00:00+00:00,10622.0
2024-07-15 23:00:00+00:00,10863.0
2024-07-16 00:00:00+00:00,10657.0
2024-07-16 01:00:00+00:00,10679.0
2024-07-16 02:00:00+00:00,10583.0
2024-07-16 03:00:00+00:00,10566.0
2024-07-16 04:00:00+00:00,10643.0
2024-07-16 05:00:00+00:00,10748.0
2024-07-16 06:00:00+00:00,10723.0
2024-07-16 07:00:00+00:00,10787.0
2024-07-16 08:00:00+00:00,10799.0
2024-07-16 09:00:00+00:00,10848.0
2024-07-16 10:00:00+00:00,10612.0
2024-07-16 11:00:00+00:00,10840.0
2024-07-16 12:00:00+00:00,10724.0
2024-07-16 13:00:00+00:00,10739.0
2024-07-16 14:00:00+00:00,10594.0
2024-07-16 15:00:00+00:00,10699.0
2024-07-16 16:00:00+00:00,10795.0
2024-07-16 17:00:00+00:00,10769.0
2024-07-16 18:00:00+00:00,10699.0
2024-07-16 19:00:00+00:00,10817.0
2024-07-16 20:00:00+00:00,10732.0
2024-07-16 21:00:00+00:00,10773.0
2024-07-16 22:00:00+00:00,10655.0
2024-07-16 23:00:00+00:00,10687.0
2024-07-17 00:00:00+00:00,10764.0
2024-07-17 01:00:00+00:00,10614.0
2024-07-17 02:00:00+00:00,10563.0
2024-07-17 03:00:00+00:00,10921.0
2024-07-17 04:00:00+00:00,10859.0
2024-07-17 05:00:00+00:00,10537.0
2024-07-17 06:00:00+00:00,10668.0
2024-07-17 07:00:00+00:00,10704.0
2024-07-17 08:00:00+00:00,10552.0
2024-07-17 09:00:00+00:00,10919.0
2024-07-17 10:00:00+00:00,10699.0
2024-07-17 11:00:00+00:00,10754.0
2024-07-17 12:00:00+00:00,10653.0
2024-07-17 13:00:00+00:00,10744.0
2024-07-17 14:00:00+00:00,10768.0
2024-07-17 15:00:00+00:00,10412.0
2024-07-17 16:00:00+00:00,10589.0
2024-07-17 17:00:00+00:00,10866.0
2024-07-17 18:00:00+00:00,10826.0
2024-07-17 19:00:00+00:00,10805.0
2024-07-17 20:00:00+00:00,10839.0
2024-07-17 21:00:00+00:00,10827.0
2024-07-17 22:00:00+00:00,10740.0
2024-07-17 23:00:00+00:00,10800.0
2024-07-18 00:00:00+00:00,10667.0
2024-07-18 01:00:00+00:00,10663.0
2024-07-18 02:00:00+00:00,10702.0
2024-07-18 03:00:00+00:00,10772.0
2024-07-18 04:00:00+00:00,10704.0
2024-07-18 05:00:00+00:00,10731.0
2024-07-18 06:00:00+00:00,10684.0
2024-07-18 07:00:00+00:00,10499.0
2024-07-18 08:00:00+00:00,10608.0
2024-07-18 09:00:00+00:00,10842.0
2024-07-18 10:00:00+00:00,10557.0
2024-07-18 11:00:00+00:00,10757.0
2024-07-18 12:00:00+00:00,10843.0
2024-07-18 13:00:00+00:00,10841.0
2024-07-18 14:00:00+00:00,10442.0
2024-07-18 15:00:00+00:00,10575.0
2024-07-18 16:00:00+00:00,10773.0
2024-07-18 17:00:00+00:00,10765.0
2024-07-18 18:00:00+00:00,10926.0
2024-07-18 19:00:00+00:00,10843.0
2024-07-18 20:00:00+00:00,10937.0
2024-07-18 21:00:00+00:00,10863.0
2024-07-18 22:00:00+00:00,10841.0
2024-07-18 23:00:00+00:00,10876.0
2024-07-19 00:00:00+00:00,10972.0
2024-07-19 01:00:00+00:00,10794.0
2024-07-19 02:00:00+00:00,10746.0
2024-07-19 03:00:00+00:00,10757.0
2024-07-19 04:00:00+00:00,10696.0
2024-07-19 05:00:00+00:00,10585.0
2024-07-19 06:00:00+00:00,10780.0
2024-07-19 07:00:00+00:00,10653.0
2024-07-19 08:00:00+00:00,10684.0
2024-07-19 09:00:00+00:00,10779.0
2024-07-19 10:00:00+00:00,10598.0
2024-07-19 11:00:00+00:00,10770.0
2024-07-19 12:00:00+00:00,10588.0
2024-07-19 13:00:00+00:00,10729.0
2024-07-19 14:00:00+00:00,10718.0
2024-07-19 15:00:00+00:00,10771.0
2024-07-19 16:00:00+00:00,10639.0
2024-07-19 17:00:00+00:00,10759.0
2024-07-19 18:00:00+00:00,10568.0
2024-07-19 19:00:00+00:00,10656.0
2024-07-19 20:00:00+00:00,10676.0
2024-07-19 21:00:00+00:00,10925.0
2024-07-19 22:00:00+00:00,10832.0
2024-07-19 23:00:00+00:00,10775.0
2024-07-20 00:00:00+00:00,10783.0
2024-07-20 01:00:00+00:00,10759.0
2024-07-20 02:00:00+00:00,10776.0
2024-07-20 03:00:00+00:00,10868.0
2024-07-20 04:00:00+00:00,10677.0
2024-07-20 05:00:00+00:00,10793.0
2024-07-20 06:00:00+00:00,10396.0
2024-07-20 07:00:00+00:00,10607.0
2024-07-20 08:00:00+00:00,10849.0
2024-07-20 09:00:00+00:00,10651.0
2024-07-20 10:00:00+00:00,10819.0
2024-07-20 11:00:00+00:00,10808.0
2024-07-20 12:00:00+00:00,10691.0
2024-07-20 13:00:00+00:00,10442.0
2024-07-20 14:00:00+00:00,10839.0
2024-07-20 15:00:00+00:00,10827.0
2024-07-20 16:00:00+00:00,10579.0
2024-07-20 17:00:00+00:00,10660.0
2024-07-20 18:00:00+00:00,10710.0
2024-07-20 19:00:00+00:00,10808.0
2024-07-20 20:00:00+00:00,10634.0
2024-07-20 21:00:00+00:00,10595.0
2024-07-20 22:00:00+00:00,10741.0
2024-07-20 23:00:00+00:00,10506.0
2024-07-21 00:00:00+00:00,10634.0
2024-07-21 01:00:00+00:00,10591.0
2024-07-21 02:00:00+00:00,10687.0
2024-07-21 03:00:00+00:00,10649.0
2024-07-21 04:00:00+00:00,10613.0
2024-07-21 05:00:00+00:00,10582.0
2024-07-21 06:00:00+00:00,10766.0
2024-07-21 07:00:00+00:00,10790.0
2024-07-21 08:00:00+00:00,10782.0
2024-07-21 09:00:00+00:00,10683.0
2024-07-21 10:00:00+00:00,10709.0
2024-07-21 11:00:00+00:00,10697.0
2024-07-21 12:00:00+00:00,10708.0
2024-07-21 13:00:00+00:00,10886.0
2024-07-21 14:00:00+00:00,10578.0
2024-07-21 15:00:00+00:00,10617.0
2024-07-21 16:00:00+00:00,10892.0
2024-07-21 17:00:00+00:00,10754.0
2024-07-21 18:00:00+00:00,10676.0
2024-07-21 19:00:00+00:00,10560.0
2024-07-21 20:00:00+00:00,10526.0
2024-07-21 21:00:00+00:00,10478.0
2024-07-21 22:00:00+00:00,10818.0
2024-07-21 23:00:00+00:00,10787.0
2024-07-22 00:00:00+00:00,10746.0
2024-07-22 01:00:00+00:00,10671.0
2024-07-22 02:00:00+00:00,10641.0
2024-07-22 03:00:00+00:00,10637.0
2024-07-22 04:00:00+00:00,10953.0
2024-07-22 05:00:00+00:00,10674.0
2024-07-22 06:00:00+00:00,10623.0
2024-07-22 07:00:00+00:00,10857.0
2024-07-22 08:00:00+00:00,10888.0
2024-07-22 09:00:00+00:00,10737.0
2024-07-22 10:00:00+00:00,10913.0
2024-07-22 11:00:00+00:00,10822.0
2024-07-22 12:00:00+00:00,10768.0
2024-07-22 13:00:00+00:00,10722.0
2024-07-22 14:00:00+00:00,10674.0
2024-07-22 15:00:00+00:00,10771.0
2024-07-22 16:00:00+00:00,10728.0
2024-07-22 17:00:00+00:00,10866.0
2024-07-22 18:00:00+00:00,10711.0
2024-07-22 19:00:00+00:00,10830.0
2024-07-22 20:00:00+00:00,10698.0
2024-07-22 21:00:00+00:00,10772.0
2024-07-22 22:00:00+00:00,10755.0
2024-07-22 23:00:00+00:00,10549.0
2024-07-23 00:00:00+00:00,10736.0
2024-07-23 01:00:00+00:00,10784.0
2024-07-23 02:00:00+00:00,10787.0
2024-07-23 03:00:00+00:00,10614.0
2024-07-23 04:00:00+00:00,10727.0
2024-07-23 05:00:00+00:00,10652.0
2024-07-23 06:00:00+00:00,10741.0
2024-07-23 07:00:00+00:00,10652.0
2024-07-23 08:00:00+00:00,10719.0
2024-07-23 09:00:00+00:00,10707.0
2024-07-23 10:00:00+00:00,10815.0
2024-07-23 11:00:00+00:00,10812.0
2024-07-23 12:00:00+00:00,10900.0
2024-07-23 13:00:00+00:00,10772.0
2024-07-23 14:00:00+00:00,10842.0
2024-07-23 15:00:00+00:00,10518.0
2024-07-23 16:00:00+00:00,10845.0
2024-07-23 17:00:00+00:00,10591.0
2024-07-23 18:00:00+00:00,10491.0
2024-07-23 19:00:00+00:00,10717.0
2024-07-23 20:00:00+00:00,10900.0
2024-07-23 21:00:00+00:00,10944.0
2024-07-23 22:00:00+00:00,10648.0
2024-07-23 23:00:00+00:00,10575.0
2024-07-24 00:00:00+00:00,10650.0
2024-07-24 01:00:00+00:00,10759.0
2024-07-24 02:00:00+00:00,10638.0
2024-07-24 03:00:00+00:00,10737.0
2024-07-24 04:00:00+00:00,10559.0
2024-07-24 05:00:00+00:00,10503.0
2024-07-24 06:00:00+00:00,10635.0
2024-07-24 07:00:00+00:00,10587.0
2024-07-24 08:00:00+00:00,10748.0
2024-07-24 09:00:00+00:00,10684.0
2024-07-24 10:00:00+00:00,10593.0
2024-07-24 11:00:00+00:00,10669.0
2024-07-24 12:00:00+00:00,10586.0
2024-07-24 13:00:00+00:00,10490.0
2024-07-24 14:00:00+00:00,10625.0
2024-07-24 15:00:00+00:00,10461.0
2024-07-24 16:00:00+00:00,10699.0
2024-07-24 17:00:00+00:00,10660.0
2024-07-24 18:00:00+00:00,10670.0
2024-07-24 19:00:00+00:00,10659.0
2024-07-24 20:00:00+00:00,10375.0
2024-07-24 21:00:00+00:00,10527.0
2024-07-24 22:00:00+00:00,10700.0
2024-07-24 23:00:00+00:00,10700.0
2024-07-25 00:00:00+00:00,10515.0
2024-07-25 01:00:00+00:00,10684.0
2024-07-25 02:00:00+00:00,10984.0
2024-07-25 03:00:00+00:00,10629.0
2024-07-25 04:00:00+00:00,10611.0
2024-07-25 05:00:00+00:00,10531.0
2024-07-25 06:00:00+00:00,10579.0
2024-07-25 07:00:00+00:00,10535.0
2024-07-25 08:00:00+00:00,10571.0
2024-07-25 09:00:00+00:00,10560.0
2024-07-25 10:00:00+00:00,10603.0
2024-07-25 11:00:00+00:00,10588.0
2024-07-25 12:00:00+00:00,10632.0
2024-07-25 13:00:00+00:00,10551.0
2024-07-25 14:00:00+00:00,10565.0
2024-07-25 15:00:00+00:00,10535.0
2024-07-25 16:00:00+00:00,10913.0
2024-07-25 17:00:00+00:00,10566.0
2024-07-25 18:00:00+00:00,10739.0
2024-07-25 19:00:00+00:00,10584.0
2024-07-25 20:00:00+00:00,10501.0
2024-07-25 21:00:00+00:00,10521.0
2024-07-25 22:00:00+00:00,10507.0
2024-07-25 23:00:00+00:00,10601.0
2024-07-26 00:00:00+00:00,10531.0
2024-07-26 01:00:00+00:00,10755.0
2024-07-26 02:00:00+00:00,10492.0
2024-07-26 03:00:00+00:00,10451.0
2024-07-26 04:00:00+00:00,10561.0
2024-07-26 05:00:00+00:00,10699.0
2024-07-26 06:00:00+00:00,10452.0
2024-07-26 07:00:00+00:00,10595.0
2024-07-26 08:00:00+00:00,10764.0
2024-07-26 09:00:00+00:00,10731.0
2024-07-26 10:00:00+00:00,10587.0
2024-07-26 11:00:00+00:00,10756.0
2024-07-26 12:00:00+00:00,10589.0
2024-07-26 13:00:00+00:00,10772.0
2024-07-26 14:00:00+00:00,10590.0
2024-07-26 15:00:00+00:00,10652.0
2024-07-26 16:00:00+00:00,10877.0
2024-07-26 17:00:00+00:00,10605.0
2024-07-26 18:00:00+00:00,10599.0
2024-07-26 19:00:00+00:00,10558.0
2024-07-26 20:00:00+00:00,10635.0
2024-07-26 21:00:00+00:00,10786.0
2024-07-26 22:00:00+00:00,10611.0
2024-07-26 23:00:00+00:00,10885.0
2024-07-27 00:00:00+00:00,10640.0
2024-07-27 01:00:00+00:00,10784.0
2024-07-27 02:00:00+00:00,10636.0
2024-07-27 03:00:00+00:00,10601.0
2024-07-27 04:00:00+00:00,10910.0
2024-07-27 05:00:00+00:00,10595.0
2024-07-27 06:00:00+00:00,10567.0
2024-07-27 07:00:00+00:00,10655.0
2024-07-27 08:00:00+00:00,10576.0
2024-07-27 09:00:00+00:00,10838.0
2024-07-27 10:00:00+00:00,10522.0
2024-07-27 11:00:00+00:00,10679.0
2024-07-27 12:00:00+00:00,10681.0
2024-07-27 13:00:00+00:00,10632.0
2024-07-27 14:00:00+00:00,10718.0
2024-07-27 15:00:00+00:00,10564.0
2024-07-27 16:00:00+00:00,10579.0
2024-07-27 17:00:00+00:00,10676.0
2024-07-27 18:00:00+00:00,10595.0
2024-07-27 19:00:00+00:00,10688.0
2024-07-27 20:00:00+00:00,10785.0
2024-07-27 21:00:00+00:00,10534.0
2024-07-27 22:00:00+00:00,10431.0
2024-07-27 23:00:00+00:00,10718.0
2024-07-28 00:00:00+00:00,10541.0
2024-07-28 01:00:00+00:00,10449.0
2024-07-28 02:00:00+00:00,10622.0
2024-07-28 03:00:00+00:00,10437.0
2024-07-28 04:00:00+00:00,10671.0
2024-07-28 05:00:00+00:00,10750.0
2024-07-28 06:00:00+00:00,10790.0
2024-07-28 07:00:00+00:00,10574.0
2024-07-28 08:00:00+00:00,10654.0
2024-07-28 09:00:00+00:00,10557.0
2024-07-28 10:00:00+00:00,10695.0
2024-07-28 11:00:00+00:00,10611.0
2024-07-28 12:00:00+00:00,10538.0
2024-07-28 13:00:00+00:00,10564.0
2024-07-28 14:00:00+00:00,10774.0
2024-07-28 15:00:00+00:00,10492.0
2024-07-28 16:00:00+00:00,10612.0
2024-07-28 17:00:00+00:00,10743.0
2024-07-28 18:00:00+00:00,10646.0
2024-07-28 19:00:00+00:00,10626.0
2024-07-28 20:00:00+00:00,10778.0
2024-07-28 21:00:00+00:00,10754.0
2024-07-28 22:00:00+00:00,10638.0
2024-07-28 23:00:00+00:00,10680.0
2024-07-29 00:00:00+00:00,10474.0
2024-07-29 01:00:00+00:00,10677.0
2024-07-29 02:00:00+00:00,10733.0
2024-07-29 03:00:00+00:00,10730.0
2024-07-29 04:00:00+00:00,10769.0
2024-07-29 05:00:00+00:00,10615.0
2024-07-29 06:00:00+00:00,10431.0
2024-07-29 07:00:00+00:00,10685.0
2024-07-29 08:00:00+00:00,10668.0
2024-07-29 09:00:00+00:00,10710.0
2024-07-29 10:00:00+00:00,10539.0
2024-07-29 11:00:00+00:00,10621.0
2024-07-29 12:00:00+00:00,10728.0
2024-07-29 13:00:00+00:00,10812.0
2024-07-29 14:00:00+00:00,10729.0
2024-07-29 15:00:00+00:00,10860.0
2024-07-29 16:00:00+00:00,10638.0
2024-07-29 17:00:00+00:00,10601.0
2024-07-29 18:00:00+00:00,10616.0
2024-07-29 19:00:00+00:00,10757.0
2024-07-29 20:00:00+00:00,10680.0
2024-07-29 21:00:00+00:00,10648.0
2024-07-29 22:00:00+00:00,10803.0
2024-07-29 23:00:00+00:00,10797.0
2024-07-30 00:00:00+00:00,10699.0
2024-07-30 01:00:00+00:00,10647.0
2024-07-30 02:00:00+00:00,10443.0
2024-07-30 03:00:00+00:00,10580.0
2024-07-30 04:00:00+00:00,10701.0
2024-07-30 05:00:00+00:00,10467.0
2024-07-30 06:00:00+00:00,10760.0
2024-07-30 07:00:00+00:00,10708.0
2024-07-30 08:00:00+00:00,10591.0
2024-07-30 09:00:00+00:00,10554.0
2024-07-30 10:00:00+00:00,10628.0
2024-07-30 11:00:00+00:00,10716.0
2024-07-30 12:00:00+00:00,10663.0
2024-07-30 13:00:00+00:00,10708.0
2024-07-30 14:00:00+00:00,10674.0
2024-07-30 15:00:00+00:00,10657.0
2024-07-30 16:00:00+00:00,10596.0
2024-07-30 17:00:00+00:00,10424.0
2024-07-30 18:00:00+00:00,10682.0
2024-07-30 19:00:00+00:00,10902.0
2024-07-30 20:00:00+00:00,10428.0
2024-07-30 21:00:00+00:00,10662.0
2024-07-30 22:00:00+00:00,10609.0
2024-07-30 23:00:00+00:00,10621.0
2024-07-31 00:00:00+00:00,10883.0
2024-07-31 01:00:00+00:00,10588.0
2024-07-31 02:00:00+00:00,10610.0
2024-07-31 03:00:00+00:00,10692.0
2024-07-31 04:00:00+00:00,10541.0
2024-07-31 05:00:00+00:00,10534.0
2024-07-31 06:00:00+00:00,10744.0
2024-07-31 07:00:00+00:00,10635.0
2024-07-31 08:00:00+00:00,10547.0
2024-07-31 09:00:00+00:00,10544.0
2024-07-31 10:00:00+00:00,10892.0
2024-07-31 11:00:00+00:00,10539.0
2024-07-31 12:00:00+00:00,10660.0
2024-07-31 13:00:00+00:00,10665.0
2024-07-31 14:00:00+00:00,10582.0
2024-07-31 15:00:00+00:00,10589.0
2024-07-31 16:00:00+00:00,10433.0
2024-07-31 17:00:00+00:00,10590.0
2024-07-31 18:00:00+00:00,10605.0
2024-07-31 19:00:00+00:00,10523.0
2024-07-31 20:00:00+00:00,10566.0
2024-07-31 21:00:00+00:00,10725.0
2024-07-31 22:00:00+00:00,10472.0
2024-07-31 23:00:00+00:00,10693.0
2024-08-01 00:00:00+00:00,10713.0
2024-08-01 01:00:00+00:00,10565.0
2024-08-01 02:00:00+00:00,10574.0
2024-08-01 03:00:00+00:00,10568.0
2024-08-01 04:00:00+00:00,10614.0
2024-08-01 05:00:00+00:00,10347.0
2024-08-01 06:00:00+00:00,10580.0
2024-08-01 07:00:00+00:00,10600.0
2024-08-01 08:00:00+00:00,10636.0
2024-08-01 09:00:00+00:00,10548.0
2024-08-01 10:00:00+00:00,10235.0
2024-08-01 11:00:00+00:00,10426.0
2024-08-01 12:00:00+00:00,10478.0
2024-08-01 13:00:00+00:00,10639.0
2024-08-01 14:00:00+00:00,10563.0
2024-08-01 15:00:00+00:00,10536.0
2024-08-01 16:00:00+00:00,10563.0
2024-08-01 17:00:00+00:00,10574.0
2024-08-01 18:00:00+00:00,10642.0
2024-08-01 19:00:00+00:00,10565.0
2024-08-01 20:00:00+00:00,10441.0
2024-08-01 21:00:00+00:00,10630.0
2024-08-01 22:00:00+00:00,10568.0
2024-08-01 23:00:00+00:00,10611.0
2024-08-02 00:00:00+00:00,10750.0
2024-08-02 01:00:00+00:00,10676.0
2024-08-02 02:00:00+00:00,10290.0
2024-08-02 03:00:00+00:00,10619.0
2024-08-02 04:00:00+00:00,10483.0
2024-08-02 05:00:00+00:00,10487.0
2024-08-02 06:00:00+00:00,10568.0
2024-08-02 07:00:00+00:00,10496.0
2024-08-02 08:00:00+00:00,10415.0
2024-08-02 09:00:00+00:00,10575.0
2024-08-02 10:00:00+00:00,10666.0
2024-08-02 11:00:00+00:00,10698.0
2024-08-02 12:00:00+00:00,10490.0
2024-08-02 13:00:00+00:00,10534.0
2024-08-02 14:00:00+00:00,10460.0
2024-08-02 15:00:00+00:00,10490.0
2024-08-02 16:00:00+00:00,10578.0
2024-08-02 17:00:00+00:00,10434.0
2024-08-02 18:00:00+00:00,10763.0
2024-08-02 19:00:00+00:00,10757.0
2024-08-02 20:00:00+00:00,10511.0
2024-08-02 21:00:00+00:00,10479.0
2024-08-02 22:00:00+00:00,10557.0
2024-08-02 23:00:00+00:00,10717.0
2024-08-03 00:00:00+00:00,10554.0
2024-08-03 01:00:00+00:00,10726.0
2024-08-03 02:00:00+00:00,10467.0
2024-08-03 03:00:00+00:00,10546.0
2024-08-03 04:00:00+00:00,10582.0
2024-08-03 05:00:00+00:00,10588.0
2024-08-03 06:00:00+00:00,10698.0
2024-08-03 07:00:00+00:00,10483.0
2024-08-03 08:00:00+00:00,10581.0
2024-08-03 09:00:00+00:00,10429.0
2024-08-03 10:00:00+00:00,10585.0
2024-08-03 11:00:00+00:00,10875.0
2024-08-03 12:00:00+00:00,10686.0
2024-08-03 13:00:00+00:00,10757.0
2024-08-03 14:00:00+00:00,10616.0
2024-08-03 15:00:00+00:00,10731.0
2024-08-03 16:00:00+00:00,10591.0
2024-08-03 17:00:00+00:00,10604.0
2024-08-03 18:00:00+00:00,10560.0
2024-08-03 19:00:00+00:00,10526.0
2024-08-03 20:00:00+00:00,10626.0
2024-08-03 21:00:00+00:00,10672.0
2024-08-03 22:00:00+00:00,10544.0
2024-08-03 23:00:00+00:00,10521.0
2024-08-04 00:00:00+00:00,10533.0
2024-08-04 01:00:00+00:00,10526.0
2024-08-04 02:00:00+00:00,10392.0
2024-08-04 03:00:00+00:00,10562.0
2024-08-04 04:00:00+00:00,10412.0
2024-08-04 05:00:00+00:00,10398.0
2024-08-04 06:00:00+00:00,10531.0
2024-08-04 07:00:00+00:00,10696.0
2024-08-04 08:00:00+00:00,10836.0
2024-08-04 09:00:00+00:00,10506.0
2024-08-04 10:00:00+00:00,10574.0
2024-08-04 11:00:00+00:00,10510.0
2024-08-04 12:00:00+00:00,10671.0
2024-08-04 13:00:00+00:00,10643.0
2024-08-04 14:00:00+00:00,10716.0
2024-08-04 15:00:00+00:00,10691.0
2024-08-04 16:00:00+00:00,10418.0
2024-08-04 17:00:00+00:00,10617.0
2024-08-04 18:00:00+00:00,10700.0
2024-08-04 19:00:00+00:00,10660.0
2024-08-04 20:00:00+00:00,10585.0
2024-08-04 21:00:00+00:00,10649.0
2024-08-04 22:00:00+00:00,10636.0
2024-08-04 23:00:00+00:00,10659.0
2024-08-05 00:00:00+00:00,10444.0
2024-08-05 01:00:00+00:00,10631.0
2024-08-05 02:00:00+00:00,10431.0
2024-08-05 03:00:00+00:00,10640.0
2024-08-05 04:00:00+00:00,10574.0
2024-08-05 05:00:00+00:00,10556.0
2024-08-05 06:00:00+00:00,10578.0
2024-08-05 07:00:00+00:00,10528.0
2024-08-05 08:00:00+00:00,10426.0
2024-08-05 09:00:00+00:00,10656.0
2024-08-05 10:00:00+00:00,10721.0
2024-08-05 11:00:00+00:00,10614.0
2024-08-05 12:00:00+00:00,10446.0
2024-08-05 13:00:00+00:00,10563.0
2024-08-05 14:00:00+00:00,10700.0
2024-08-05 15:00:00+00:00,10742.0
2024-08-05 16:00:00+00:00,10653.0
2024-08-05 17:00:00+00:00,10722.0
2024-08-05 18:00:00+00:00,10568.0
2024-08-05 19:00:00+00:00,10518.0
2024-08-05 20:00:00+00:00,10784.0
2024-08-05 21:00:00+00:00,10695.0
2024-08-05 22:00:00+00:00,10640.0
2024-08-05 23:00:00+00:00,10961.0
2024-08-06 00:00:00+00:00,10632.0
2024-08-06 01:00:00+00:00,10761.0
2024-08-06 02:00:00+00:00,10579.0
2024-08-06 03:00:00+00:00,10628.0
2024-08-06 04:00:00+00:00,10558.0
2024-08-06 05:00:00+00:00,10595.0
2024-08-06 06:00:00+00:00,10700.0
2024-08-06 07:00:00+00:00,10376.0
2024-08-06 08:00:00+00:00,10610.0
2024-08-06 09:00:00+00:00,10536.0
2024-08-06 10:00:00+00:00,10545.0
2024-08-06 11:00:00+00:00,10604.0
2024-08-06 12:00:00+00:00,10555.0
2024-08-06 13:00:00+00:00,10956.0
2024-08-06 14:00:00+00:00,10697.0
2024-08-06 15:00:00+00:00,10726.0
2024-08-06 16:00:00+00:00,10582.0
2024-08-06 17:00:00+00:00,10705.0
2024-08-06 18:00:00+00:00,10863.0
2024-08-06 19:00:00+00:00,10791.0
2024-08-06 20:00:00+00:00,10854.0
2024-08-06 21:00:00+00:00,10878.0
2024-08-06 22:00:00+00:00,10850.0
2024-08-06 23:00:00+00:00,10769.0
2024-08-07 00:00:00+00:00,10705.0
2024-08-07 01:00:00+00:00,10583.0
2024-08-07 02:00:00+00:00,10634.0
2024-08-07 03:00:00+00:00,10565.0
2024-08-07 04:00:00+00:00,10682.0
2024-08-07 05:00:00+00:00,10555.0
2024-08-07 06:00:00+00:00,10637.0
2024-08-07 07:00:00+00:00,10851.0
2024-08-07 08:00:00+00:00,10520.0
2024-08-07 09:00:00+00:00,10846.0
2024-08-07 10:00:00+00:00,10751.0
2024-08-07 11:00:00+00:00,10630.0
2024-08-07 12:00:00+00:00,10612.0
2024-08-07 13:00:00+00:00,10668.0
2024-08-07 14:00:00+00:00,10738.0
2024-08-07 15:00:00+00:00,10848.0
2024-08-07 16:00:00+00:00,10881.0
2024-08-07 17:00:00+00:00,10822.0
2024-08-07 18:00:00+00:00,10925.0
2024-08-07 19:00:00+00:00,10758.0
2024-08-07 20:00:00+00:00,10811.0
2024-08-07 21:00:00+00:00,11047.0
2024-08-07 22:00:00+00:00,10811.0
2024-08-07 23:00:00+00:00,10957.0
2024-08-08 00:00:00+00:00,10727.0
2024-08-08 01:00:00+00:00,10896.0
2024-08-08 02:00:00+00:00,10818.0
2024-08-08 03:00:00+00:00,10845.0
2024-08-08 04:00:00+00:00,10561.0
2024-08-08 05:00:00+00:00,10543.0
2024-08-08 06:00:00+00:00,10741.0
2024-08-08 07:00:00+00:00,10691.0
2024-08-08 08:00:00+00:00,10732.0
2024-08-08 09:00:00+00:00,10650.0
2024-08-08 10:00:00+00:00,10896.0
2024-08-08 11:00:00+00:00,10587.0
2024-08-08 12:00:00+00:00,10757.0
2024-08-08 13:00:00+00:00,10824.0
2024-08-08 14:00:00+00:00,10679.0
2024-08-08 15:00:00+00:00,10810.0
2024-08-08 16:00:00+00:00,10773.0
2024-08-08 17:00:00+00:00,10788.0
2024-08-08 18:00:00+00:00,10924.0
2024-08-08 19:00:00+00:00,10972.0
2024-08-08 20:00:00+00:00,10924.0
2024-08-08 21:00:00+00:00,10763.0
2024-08-08 22:00:00+00:00,10709.0
2024-08-08 23:00:00+00:00,10904.0
2024-08-09 00:00:00+00:00,10818.0
2024-08-09 01:00:00+00:00,10879.0
2024-08-09 02:00:00+00:00,10906.0
2024-08-09 03:00:00+00:00,10762.0
2024-08-09 04:00:00+00:00,10585.0
2024-08-09 05:00:00+00:00,10689.0
2024-08-09 06:00:00+00:00,10529.0
2024-08-09 07:00:00+00:00,10649.0
2024-08-09 08:00:00+00:00,10690.0
2024-08-09 09:00:00+00:00,10604.0
2024-08-09 10:00:00+00:00,10741.0
2024-08-09 11:00:00+00:00,10637.0
2024-08-09 12:00:00+00:00,10630.0
2024-08-09 13:00:00+00:00,10879.0
2024-08-09 14:00:00+00:00,10628.0
2024-08-09 15:00:00+00:00,10647.0
2024-08-09 16:00:00+00:00,10922.0
2024-08-09 17:00:00+00:00,10818.0
2024-08-09 18:00:00+00:00,10761.0
2024-08-09 19:00:00+00:00,10706.0
2024-08-09 20:00:00+00:00,10874.0
2024-08-09 21:00:00+00:00,10864.0
2024-08-09 22:00:00+00:00,10694.0
2024-08-09 23:00:00+00:00,10581.0
2024-08-10 00:00:00+00:00,10748.0
2024-08-10 01:00:00+00:00,10558.0
2024-08-10 02:00:00+00:00,10669.0
2024-08-10 03:00:00+00:00,10583.0
2024-08-10 04:00:00+00:00,10604.0
2024-08-10 05:00:00+00:00,10636.0
2024-08-10 06:00:00+00:00,10750.0
2024-08-10 07:00:00+00:00,10546.0
2024-08-10 08:00:00+00:00,10564.0
2024-08-10 09:00:00+00:00,10482.0
2024-08-10 10:00:00+00:00,10650.0
2024-08-10 11:00:00+00:00,10528.0
2024-08-10 12:00:00+00:00,10524.0
2024-08-10 13:00:00+00:00,10558.0
2024-08-10 14:00:00+00:00,10555.0
2024-08-10 15:00:00+00:00,10533.0
2024-08-10 16:00:00+00:00,10681.0
2024-08-10 17:00:00+00:00,10510.0
2024-08-10 18:00:00+00:00,10564.0
2024-08-10 19:00:00+00:00,10630.0
2024-08-10 20:00:00+00:00,10717.0
2024-08-10 21:00:00+00:00,10680.0
2024-08-10 22:00:00+00:00,10728.0
2024-08-10 23:00:00+00:00,10622.0
2024-08-11 00:00:00+00:00,10478.0
2024-08-11 01:00:00+00:00,10442.0
2024-08-11 02:00:00+00:00,10478.0
2024-08-11 03:00:00+00:00,10496.0
2024-08-11 04:00:00+00:00,10333.0
2024-08-11 05:00:00+00:00,10414.0
2024-08-11 06:00:00+00:00,10413.0
2024-08-11 07:00:00+00:00,10649.0
2024-08-11 08:00:00+00:00,10477.0
2024-08-11 09:00:00+00:00,10708.0
2024-08-11 10:00:00+00:00,10254.0
2024-08-11 11:00:00+00:00,10390.0
2024-08-11 12:00:00+00:00,10492.0
2024-08-11 13:00:00+00:00,10518.0
2024-08-11 14:00:00+00:00,10370.0
2024-08-11 15:00:00+00:00,10481.0
2024-08-11 16:00:00+00:00,10314.0
2024-08-11 17:00:00+00:00,10356.0
2024-08-11 18:00:00+00:00,10329.0
2024-08-11 19:00:00+00:00,10305.0
2024-08-11 20:00:00+00:00,10454.0
2024-08-11 21:00:00+00:00,10350.0
2024-08-11 22:00:00+00:00,10519.0
2024-08-11 23:00:00+00:00,10519.0
2024-08-12 00:00:00+00:00,10400.0
2024-08-12 01:00:00+00:00,10381.0
2024-08-12 02:00:00+00:00,10132.0
2024-08-12 03:00:00+00:00,10344.0
2024-08-12 04:00:00+00:00,10148.0
2024-08-12 05:00:00+00:00,10501.0
2024-08-12 06:00:00+00:00,10442.0
2024-08-12 07:00:00+00:00,10414.0
2024-08-12 08:00:00+00:00,10518.0
2024-08-12 09:00:00+00:00,10653.0
2024-08-12 10:00:00+00:00,10430.0
2024-08-12 11:00:00+00:00,10577.0
2024-08-12 12:00:00+00:00,10428.0
2024-08-12 13:00:00+00:00,10480.0
2024-08-12 14:00:00+00:00,10532.0
2024-08-12 15:00:00+00:00,10378.0
2024-08-12 16:00:00+00:00,10450.0
2024-08-12 17:00:00+00:00,10472.0
2024-08-12 18:00:00+00:00,10523.0
2024-08-12 19:00:00+00:00,10589.0
2024-08-12 20:00:00+00:00,10639.0
2024-08-12 21:00:00+00:00,10369.0
2024-08-12 22:00:00+00:00,10380.0
2024-08-12 23:00:00+00:00,10599.0
2024-08-13 00:00:00+00:00,10566.0
2024-08-13 01:00:00+00:00,10561.0
2024-08-13 02:00:00+00:00,10537.0
2024-08-13 03:00:00+00:00,10507.0
2024-08-13 04:00:00+00:00,10424.0
2024-08-13 05:00:00+00:00,10460.0
2024-08-13 06:00:00+00:00,10418.0
2024-08-13 07:00:00+00:00,10351.0
2024-08-13 08:00:00+00:00,10398.0
2024-08-13 09:00:00+00:00,10542.0
2024-08-13 10:00:00+00:00,10563.0
2024-08-13 11:00:00+00:00,10387.0
2024-08-13 12:00:00+00:00,10746.0
2024-08-13 13:00:00+00:00,10548.0
2024-08-13 14:00:00+00:00,10454.0
2024-08-13 15:00:00+00:00,10638.0
2024-08-13 16:00:00+00:00,10588.0
2024-08-13 17:00:00+00:00,10515.0
2024-08-13 18:00:00+00:00,10622.0
2024-08-13 19:00:00+00:00,10586.0
2024-08-13 20:00:00+00:00,10477.0
2024-08-13 21:00:00+00:00,10602.0
2024-08-13 22:00:00+00:00,10526.0
2024-08-13 23:00:00+00:00,10507.0
2024-08-14 00:00:00+00:00,10617.0
2024-08-14 01:00:00+00:00,10689.0
2024-08-14 02:00:00+00:00,10627.0
2024-08-14 03:00:00+00:00,10513.0
2024-08-14 04:00:00+00:00,10363.0
2024-08-14 05:00:00+00:00,10586.0
2024-08-14 06:00:00+00:00,10430.0
2024-08-14 07:00:00+00:00,10632.0
2024-08-14 08:00:00+00:00,10566.0
2024-08-14 09:00:00+00:00,10598.0
2024-08-14 10:00:00+00:00,10697.0
2024-08-14 11:00:00+00:00,10637.0
2024-08-14 12:00:00+00:00,10730.0
2024-08-14 13:00:00+00:00,10582.0
2024-08-14 14:00:00+00:00,10502.0
2024-08-14 15:00:00+00:00,10689.0
2024-08-14 16:00:00+00:00,10435.0
2024-08-14 17:00:00+00:00,10714.0
2024-08-14 18:00:00+00:00,10559.0
2024-08-14 19:00:00+00:00,10590.0
2024-08-14 20:00:00+00:00,10684.0
2024-08-14 21:00:00+00:00,10529.0
2024-08-14 22:00:00+00:00,10823.0
2024-08-14 23:00:00+00:00,10781.0
2024-08-15 00:00:00+00:00,10681.0
2024-08-15 01:00:00+00:00,10630.0
2024-08-15 02:00:00+00:00,10632.0
2024-08-15 03:00:00+00:00,10622.0
2024-08-15 04:00:00+00:00,10557.0
2024-08-15 05:00:00+00:00,10477.0
2024-08-15 06:00:00+00:00,10470.0
2024-08-15 07:00:00+00:00,10516.0
2024-08-15 08:00:00+00:00,10604.0
2024-08-15 09:00:00+00:00,10557.0
2024-08-15 10:00:00+00:00,10386.0
2024-08-15 11:00:00+00:00,10474.0
2024-08-15 12:00:00+00:00,10731.0
2024-08-15 13:00:00+00:00,10742.0
2024-08-15 14:00:00+00:00,10475.0
2024-08-15 15:00:00+00:00,10546.0
2024-08-15 16:00:00+00:00,10600.0
2024-08-15 17:00:00+00:00,10731.0
2024-08-15 18:00:00+00:00,10522.0
2024-08-15 19:00:00+00:00,10809.0
2024-08-15 20:00:00+00:00,10596.0
2024-08-15 21:00:00+00:00,10563.0
2024-08-15 22:00:00+00:00,10549.0
2024-08-15 23:00:00+00:00,10657.0
2024-08-16 00:00:00+00:00,10534.0
2024-08-16 01:00:00+00:00,10585.0
2024-08-16 02:00:00+00:00,10648.0
2024-08-16 03:00:00+00:00,10601.0
2024-08-16 04:00:00+00:00,10448.0
2024-08-16 05:00:00+00:00,10594.0
2024-08-16 06:00:00+00:00,10414.0
2024-08-16 07:00:00+00:00,10543.0
2024-08-16 08:00:00+00:00,10664.0
2024-08-16 09:00:00+00:00,10553.0
2024-08-16 10:00:00+00:00,10648.0
2024-08-16 11:00:00+00:00,10580.0
2024-08-16 12:00:00+00:00,10607.0
2024-08-16 13:00:00+00:00,10334.0
2024-08-16 14:00:00+00:00,10631.0
2024-08-16 15:00:00+00:00,10694.0
2024-08-16 16:00:00+00:00,10803.0
2024-08-16 17:00:00+00:00,10550.0
2024-08-16 18:00:00+00:00,10548.0
2024-08-16 19:00:00+00:00,10622.0
2024-08-16 20:00:00+00:00,10746.0
2024-08-16 21:00:00+00:00,10732.0
2024-08-16 22:00:00+00:00,10510.0
2024-08-16 23:00:00+00:00,10612.0
2024-08-17 00:00:00+00:00,10532.0
2024-08-17 01:00:00+00:00,10641.0
2024-08-17 02:00:00+00:00,10473.0
2024-08-17 03:00:00+00:00,10515.0
2024-08-17 04:00:00+00:00,10572.0
2024-08-17 05:00:00+00:00,10705.0
2024-08-17 06:00:00+00:00,10568.0
2024-08-17 07:00:00+00:00,10465.0
2024-08-17 08:00:00+00:00,10627.0
2024-08-17 09:00:00+00:00,10529.0
2024-08-17 10:00:00+00:00,10709.0
2024-08-17 11:00:00+00:00,10252.0
2024-08-17 12:00:00+00:00,10620.0
2024-08-17 13:00:00+00:00,10625.0
2024-08-17 14:00:00+00:00,10641.0
2024-08-17 15:00:00+00:00,10461.0
2024-08-17 16:00:00+00:00,10649.0
2024-08-17 17:00:00+00:00,10776.0
2024-08-17 18:00:00+00:00,10505.0
2024-08-17 19:00:00+00:00,10426.0
2024-08-17 20:00:00+00:00,10434.0
2024-08-17 21:00:00+00:00,10508.0
2024-08-17 22:00:00+00:00,10512.0
2024-08-17 23:00:00+00:00,10652.0
2024-08-18 00:00:00+00:00,10530.0
2024-08-18 01:00:00+00:00,10543.0
2024-08-18 02:00:00+00:00,10507.0
2024-08-18 03:00:00+00:00,10507.0
2024-08-18 04:00:00+00:00,10351.0
2024-08-18 05:00:00+00:00,10601.0
2024-08-18 06:00:00+00:00,10526.0
2024-08-18 07:00:00+00:00,10599.0
2024-08-18 08:00:00+00:00,10682.0
2024-08-18 09:00:00+00:00,10687.0
2024-08-18 10:00:00+00:00,10527.0
2024-08-18 11:00:00+00:00,10568.0
2024-08-18 12:00:00+00:00,10707.0
2024-08-18 13:00:00+00:00,10623.0
2024-08-18 14:00:00+00:00,10547.0
2024-08-18 15:00:00+00:00,10512.0
2024-08-18 16:00:00+00:00,10591.0
2024-08-18 17:00:00+00:00,10719.0
2024-08-18 18:00:00+00:00,10474.0
2024-08-18 19:00:00+00:00,10537.0
2024-08-18 20:00:00+00:00,10845.0
2024-08-18 21:00:00+00:00,10694.0
2024-08-18 22:00:00+00:00,10436.0
2024-08-18 23:00:00+00:00,10583.0
2024-08-19 00:00:00+00:00,10582.0
2024-08-19 01:00:00+00:00,10692.0
2024-08-19 02:00:00+00:00,10795.0
2024-08-19 03:00:00+00:00,10725.0
2024-08-19 04:00:00+00:00,10570.0
2024-08-19 05:00:00+00:00,10586.0
2024-08-19 06:00:00+00:00,10548.0
2024-08-19 07:00:00+00:00,10495.0
2024-08-19 08:00:00+00:00,10587.0
2024-08-19 09:00:00+00:00,10648.0
2024-08-19 10:00:00+00:00,10724.0
2024-08-19 11:00:00+00:00,10642.0
2024-08-19 12:00:00+00:00,10586.0
2024-08-19 13:00:00+00:00,10706.0
2024-08-19 14:00:00+00:00,10860.0
2024-08-19 15:00:00+00:00,10733.0
2024-08-19 16:00:00+00:00,10724.0
2024-08-19 17:00:00+00:00,10613.0
2024-08-19 18:00:00+00:00,10814.0
2024-08-19 19:00:00+00:00,10659.0
2024-08-19 20:00:00+00:00,10567.0
2024-08-19 21:00:00+00:00,10704.0
2024-08-19 22:00:00+00:00,10519.0
2024-08-19 23:00:00+00:00,10634.0
2024-08-20 00:00:00+00:00,10623.0
2024-08-20 01:00:00+00:00,10646.0
2024-08-20 02:00:00+00:00,10606.0
2024-08-20 03:00:00+00:00,10585.0
2024-08-20 04:00:00+00:00,10714.0
2024-08-20 05:00:00+00:00,10650.0
2024-08-20 06:00:00+00:00,10555.0
2024-08-20 07:00:00+00:00,10766.0
2024-08-20 08:00:00+00:00,10651.0
2024-08-20 09:00:00+00:00,10532.0
2024-08-20 10:00:00+00:00,10678.0
2024-08-20 11:00:00+00:00,10652.0
2024-08-20 12:00:00+00:00,10607.0
2024-08-20 13:00:00+00:00,10639.0
2024-08-20 14:00:00+00:00,10762.0
2024-08-20 15:00:00+00:00,10512.0
2024-08-20 16:00:00+00:00,10682.0
2024-08-20 17:00:00+00:00,10840.0
2024-08-20 18:00:00+00:00,10859.0
2024-08-20 19:00:00+00:00,10688.0
2024-08-20 20:00:00+00:00,10725.0
2024-08-20 21:00:00+00:00,10715.0
2024-08-20 22:00:00+00:00,10729.0
2024-08-20 23:00:00+00:00,10782.0
2024-08-21 00:00:00+00:00,10936.0
2024-08-21 01:00:00+00:00,10655.0
2024-08-21 02:00:00+00:00,10685.0
2024-08-21 03:00:00+00:00,10654.0
