date,counts
2024-06-17 12:00:00+00:00,12721.0
2024-06-17 13:00:00+00:00,12729.0
2024-06-17 14:00:00+00:00,12500.0
2024-06-17 15:00:00+00:00,12519.0
2024-06-17 16:00:00+00:00,12553.5
2024-06-17 17:00:00+00:00,12588.0
2024-06-17 18:00:00+00:00,12663.0
2024-06-17 19:00:00+00:00,12393.0
2024-06-17 20:00:00+00:00,12681.0
2024-06-17 21:00:00+00:00,12502.0
2024-06-17 22:00:00+00:00,12488.0
2024-06-17 23:00:00+00:00,12410.0
2024-06-18 00:00:00+00:00,12458.0
2024-06-18 01:00:00+00:00,12471.0
2024-06-18 02:00:00+00:00,12609.0
2024-06-18 03:00:00+00:00,12554.0
2024-06-18 04:00:00+00:00,12568.0
2024-06-18 05:00:00+00:00,12524.0
2024-06-18 06:00:00+00:00,12412.0
2024-06-18 07:00:00+00:00,12663.0
2024-06-18 08:00:00+00:00,12349.0
2024-06-18 09:00:00+00:00,12459.0
2024-06-18 10:00:00+00:00,12396.0
2024-06-18 11:00:00+00:00,12575.0
2024-06-18 12:00:00+00:00,12584.0
2024-06-18 13:00:00+00:00,12522.0
2024-06-18 14:00:00+00:00,12457.0
2024-06-18 15:00:00+00:00,12682.0
2024-06-18 16:00:00+00:00,12762.0
2024-06-18 17:00:00+00:00,12509.0
2024-06-18 18:00:00+00:00,12610.0
2024-06-18 19:00:00+00:00,12758.0
2024-06-18 20:00:00+00:00,12569.0
2024-06-18 21:00:00+00:00,12558.0
2024-06-18 22:00:00+00:00,12565.0
2024-06-18 23:00:00+00:00,12634.0
2024-06-19 00:00:00+00:00,12502.0
2024-06-19 01:00:00+00:00,12637.0
2024-06-19 02:00:00+00:00,12671.0
2024-06-19 03:00:00+00:00,12692.0
2024-06-19 04:00:00+00:00,12647.0
2024-06-19 05:00:00+00:00,12767.0
2024-06-19 06:00:00+00:00,12637.0
2024-06-19 07:00:00+00:00,12474.0
2024-06-19 08:00:00+00:00,12377.0
2024-06-19 09:00:00+00:00,12614.0
2024-06-19 10:00:00+00:00,12567.0
2024-06-19 11:00:00+00:00,12843.0
2024-06-19 12:00:00+00:00,12588.0
2024-06-19 13:00:00+00:00,12661.0
2024-06-19 14:00:00+00:00,12681.0
2024-06-19 15:00:00+00:00,12544.0
2024-06-19 16:00:00+00:00,12721.0
2024-06-19 17:00:00+00:00,12544.0
2024-06-19 18:00:00+00:00,12601.0
2024-06-19 19:00:00+00:00,12634.0
2024-06-19 20:00:00+00:00,12712.0
2024-06-19 21:00:00+00:00,12703.0
2024-06-19 22:00:00+00:00,12613.0
2024-06-19 23:00:00+00:00,12679.0
2024-06-20 00:00:00+00:00,12533.0
2024-06-20 01:00:00+00:00,12667.0
2024-06-20 02:00:00+00:00,12510.0
2024-06-20 03:00:00+00:00,12599.0
2024-06-20 04:00:00+00:00,12509.0
2024-06-20 05:00:00+00:00,12313.0
2024-06-20 06:00:00+00:00,12449.0
2024-06-20 07:00:00+00:00,12560.0
2024-06-20 08:00:00+00:00,12746.0
2024-06-20 09:00:00+00:00,12526.0
2024-06-20 10:00:00+00:00,12580.0
2024-06-20 11:00:00+00:00,12629.0
2024-06-20 12:00:00+00:00,12642.0
2024-06-20 13:00:00+00:00,12373.0
2024-06-20 14:00:00+00:00,12625.0
2024-06-20 15:00:00+00:00,12776.0
2024-06-20 16:00:00+00:00,12605.0
2024-06-20 17:00:00+00:00,12629.0
2024-06-20 18:00:00+00:00,12676.0
2024-06-20 19:00:00+00:00,12767.0
2024-06-20 20:00:00+00:00,12621.0
2024-06-20 21:00:00+00:00,12453.0
2024-06-20 22:00:00+00:00,12372.0
2024-06-20 23:00:00+00:00,12512.0
2024-06-21 00:00:00+00:00,12671.0
2024-06-21 01:00:00+00:00,12530.0
2024-06-21 02:00:00+00:00,12456.0
2024-06-21 03:00:00+00:00,12630.0
2024-06-21 04:00:00+00:00,12508.0
2024-06-21 05:00:00+00:00,12430.0
2024-06-21 06:00:00+00:00,12575.0
2024-06-21 07:00:00+00:00,12659.0
2024-06-21 08:00:00+00:00,12428.0
2024-06-21 09:00:00+00:00,12607.0
2024-06-21 10:00:00+00:00,12655.0
2024-06-21 11:00:00+00:00,12668.0
2024-06-21 12:00:00+00:00,12624.0
2024-06-21 13:00:00+00:00,12747.0
2024-06-21 14:00:00+00:00,12743.0
2024-06-21 15:00:00+00:00,12632.0
2024-06-21 16:00:00+00:00,12596.0
2024-06-21 17:00:00+00:00,12747.0
2024-06-21 18:00:00+00:00,12575.0
2024-06-21 19:00:00+00:00,12694.0
2024-06-21 20:00:00+00:00,12683.0
2024-06-21 21:00:00+00:00,12610.0
2024-06-21 22:00:00+00:00,12724.0
2024-06-21 23:00:00+00:00,12785.0
2024-06-22 00:00:00+00:00,12749.0
2024-06-22 01:00:00+00:00,12605.0
2024-06-22 02:00:00+00:00,12887.0
2024-06-22 03:00:00+00:00,12833.0
2024-06-22 04:00:00+00:00,12649.0
2024-06-22 05:00:00+00:00,12739.0
2024-06-22 06:00:00+00:00,12908.0
2024-06-22 07:00:00+00:00,12731.0
2024-06-22 08:00:00+00:00,12735.0
2024-06-22 09:00:00+00:00,12731.0
2024-06-22 10:00:00+00:00,12964.0
2024-06-22 11:00:00+00:00,12843.0
2024-06-22 12:00:00+00:00,12810.0
2024-06-22 13:00:00+00:00,13128.0
2024-06-22 14:00:00+00:00,12958.0
2024-06-22 15:00:00+00:00,12875.0
2024-06-22 16:00:00+00:00,12935.0
2024-06-22 17:00:00+00:00,13008.0
2024-06-22 18:00:00+00:00,13109.0
2024-06-22 19:00:00+00:00,12692.0
2024-06-22 20:00:00+00:00,12794.0
2024-06-22 21:00:00+00:00,12849.0
2024-06-22 22:00:00+00:00,12626.0
2024-06-22 23:00:00+00:00,12758.0
2024-06-23 00:00:00+00:00,12629.0
2024-06-23 01:00:00+00:00,12970.0
2024-06-23 02:00:00+00:00,12801.0
2024-06-23 03:00:00+00:00,12933.0
2024-06-23 04:00:00+00:00,12721.0
2024-06-23 05:00:00+00:00,13075.0
2024-06-23 06:00:00+00:00,12960.0
2024-06-23 07:00:00+00:00,13012.0
2024-06-23 08:00:00+00:00,12711.0
2024-06-23 09:00:00+00:00,12942.0
2024-06-23 10:00:00+00:00,12785.0
2024-06-23 11:00:00+00:00,12823.0
2024-06-23 12:00:00+00:00,13022.0
2024-06-23 13:00:00+00:00,12713.0
2024-06-23 14:00:00+00:00,12823.0
2024-06-23 15:00:00+00:00,12764.0
2024-06-23 16:00:00+00:00,12868.0
2024-06-23 17:00:00+00:00,12817.0
2024-06-23 18:00:00+00:00,13168.0
2024-06-23 19:00:00+00:00,12514.0
2024-06-23 20:00:00+00:00,12737.0
2024-06-23 21:00:00+00:00,12833.0
2024-06-23 22:00:00+00:00,12790.0
2024-06-23 23:00:00+00:00,12778.0
2024-06-24 00:00:00+00:00,12665.0
2024-06-24 01:00:00+00:00,12962.0
2024-06-24 02:00:00+00:00,12743.0
2024-06-24 03:00:00+00:00,12677.0
2024-06-24 04:00:00+00:00,12853.0
2024-06-24 05:00:00+00:00,12619.0
2024-06-24 06:00:00+00:00,12702.0
2024-06-24 07:00:00+00:00,12715.0
2024-06-24 08:00:00+00:00,12723.0
2024-06-24 09:00:00+00:00,12655.0
2024-06-24 10:00:00+00:00,12778.0
2024-06-24 11:00:00+00:00,12747.0
2024-06-24 12:00:00+00:00,12870.0
2024-06-24 13:00:00+00:00,12601.0
2024-06-24 14:00:00+00:00,12711.0
2024-06-24 15:00:00+00:00,12634.0
2024-06-24 16:00:00+00:00,12738.0
2024-06-24 17:00:00+00:00,12731.0
2024-06-24 18:00:00+00:00,13076.0
2024-06-24 19:00:00+00:00,12650.0
2024-06-24 20:00:00+00:00,12714.0
2024-06-24 21:00:00+00:00,12644.0
2024-06-24 22:00:00+00:00,12652.0
2024-06-24 23:00:00+00:00,12717.0
2024-06-25 00:00:00+00:00,12678.0
2024-06-25 01:00:00+00:00,12782.0
2024-06-25 02:00:00+00:00,12773.0
2024-06-25 03:00:00+00:00,12756.0
2024-06-25 04:00:00+00:00,12582.0
2024-06-25 05:00:00+00:00,12914.0
2024-06-25 06:00:00+00:00,12676.0
2024-06-25 07:00:00+00:00,12854.0
2024-06-25 08:00:00+00:00,12887.0
2024-06-25 09:00:00+00:00,12750.0
2024-06-25 10:00:00+00:00,12850.0
2024-06-25 11:00:00+00:00,12653.0
2024-06-25 12:00:00+00:00,12574.0
2024-06-25 13:00:00+00:00,12780.0
2024-06-25 14:00:00+00:00,12664.0
2024-06-25 15:00:00+00:00,12795.0
2024-06-25 16:00:00+00:00,12646.0
2024-06-25 17:00:00+00:00,12598.0
2024-06-25 18:00:00+00:00,12720.0
2024-06-25 19:00:00+00:00,12498.0
2024-06-25 20:00:00+00:00,12636.0
2024-06-25 21:00:00+00:00,12793.0
2024-06-25 22:00:00+00:00,12893.0
2024-06-25 23:00:00+00:00,12525.0
2024-06-26 00:00:00+00:00,12686.0
2024-06-26 01:00:00+00:00,12967.0
2024-06-26 02:00:00+00:00,12737.0
2024-06-26 03:00:00+00:00,13025.0
2024-06-26 04:00:00+00:00,12721.0
2024-06-26 05:00:00+00:00,12452.0
2024-06-26 06:00:00+00:00,12692.0
2024-06-26 07:00:00+00:00,12641.0
2024-06-26 08:00:00+00:00,12586.0
2024-06-26 09:00:00+00:00,12711.0
2024-06-26 10:00:00+00:00,12513.0
2024-06-26 11:00:00+00:00,12752.0
2024-06-26 12:00:00+00:00,12673.0
2024-06-26 13:00:00+00:00,12756.0
2024-06-26 14:00:00+00:00,12705.0
2024-06-26 15:00:00+00:00,12697.0
2024-06-26 16:00:00+00:00,12800.0
2024-06-26 17:00:00+00:00,12570.0
2024-06-26 18:00:00+00:00,12996.0
2024-06-26 19:00:00+00:00,12640.0
2024-06-26 20:00:00+00:00,12772.0
2024-06-26 21:00:00+00:00,12610.0
2024-06-26 22:00:00+00:00,13065.0
2024-06-26 23:00:00+00:00,12753.0
2024-06-27 00:00:00+00:00,12637.0
2024-06-27 01:00:00+00:00,12696.0
2024-06-27 02:00:00+00:00,12905.0
2024-06-27 03:00:00+00:00,12590.0
2024-06-27 04:00:00+00:00,12685.0
2024-06-27 05:00:00+00:00,12633.0
2024-06-27 06:00:00+00:00,12594.0
2024-06-27 07:00:00+00:00,12661.0
2024-06-27 08:00:00+00:00,12751.0
2024-06-27 09:00:00+00:00,12664.0
2024-06-27 10:00:00+00:00,12813.0
2024-06-27 11:00:00+00:00,12636.0
2024-06-27 12:00:00+00:00,12790.0
2024-06-27 13:00:00+00:00,12728.0
2024-06-27 14:00:00+00:00,12786.0
2024-06-27 15:00:00+00:00,12667.0
2024-06-27 16:00:00+00:00,12790.0
2024-06-27 17:00:00+00:00,12684.0
2024-06-27 18:00:00+00:00,12780.0
2024-06-27 19:00:00+00:00,12729.0
2024-06-27 20:00:00+00:00,12756.0
2024-06-27 21:00:00+00:00,12604.0
2024-06-27 22:00:00+00:00,12627.0
2024-06-27 23:00:00+00:00,12526.0
2024-06-28 00:00:00+00:00,12563.0
2024-06-28 01:00:00+00:00,12630.0
2024-06-28 02:00:00+00:00,12724.0
2024-06-28 03:00:00+00:00,12719.0
2024-06-28 04:00:00+00:00,12391.0
2024-06-28 05:00:00+00:00,12678.0
2024-06-28 06:00:00+00:00,12608.0
2024-06-28 07:00:00+00:00,12782.0
2024-06-28 08:00:00+00:00,12751.0
2024-06-28 09:00:00+00:00,12710.0
2024-06-28 10:00:00+00:00,12574.0
2024-06-28 11:00:00+00:00,12556.0
2024-06-28 12:00:00+00:00,12660.0
2024-06-28 13:00:00+00:00,12717.0
2024-06-28 14:00:00+00:00,12512.0
2024-06-28 15:00:00+00:00,12536.0
2024-06-28 16:00:00+00:00,12459.0
2024-06-28 17:00:00+00:00,12663.0
2024-06-28 18:00:00+00:00,12511.0
2024-06-28 19:00:00+00:00,12367.0
2024-06-28 20:00:00+00:00,12660.0
2024-06-28 21:00:00+00:00,12482.0
2024-06-28 22:00:00+00:00,12526.0
2024-06-28 23:00:00+00:00,12462.0
2024-06-29 00:00:00+00:00,12721.0
2024-06-29 01:00:00+00:00,12512.0
2024-06-29 02:00:00+00:00,12417.0
2024-06-29 03:00:00+00:00,12583.0
2024-06-29 04:00:00+00:00,12227.0
2024-06-29 05:00:00+00:00,12394.0
2024-06-29 06:00:00+00:00,12427.0
2024-06-29 07:00:00+00:00,12334.0
2024-06-29 08:00:00+00:00,12547.0
2024-06-29 09:00:00+00:00,12702.0
2024-06-29 10:00:00+00:00,12513.0
2024-06-29 11:00:00+00:00,12620.0
2024-06-29 12:00:00+00:00,12711.0
2024-06-29 13:00:00+00:00,12535.0
2024-06-29 14:00:00+00:00,12482.0
2024-06-29 15:00:00+00:00,12616.0
2024-06-29 16:00:00+00:00,12712.0
2024-06-29 17:00:00+00:00,12537.0
2024-06-29 18:00:00+00:00,12648.0
2024-06-29 19:00:00+00:00,12444.0
2024-06-29 20:00:00+00:00,12569.0
2024-06-29 21:00:00+00:00,12487.0
2024-06-29 22:00:00+00:00,12619.0
2024-06-29 23:00:00+00:00,12370.0
2024-06-30 00:00:00+00:00,12657.0
2024-06-30 01:00:00+00:00,12666.0
2024-06-30 02:00:00+00:00,12501.0
2024-06-30 03:00:00+00:00,12576.0
2024-06-30 04:00:00+00:00,12447.0
2024-06-30 05:00:00+00:00,12559.0
2024-06-30 06:00:00+00:00,12633.0
2024-06-30 07:00:00+00:00,12752.0
2024-06-30 08:00:00+00:00,12617.0
2024-06-30 09:00:00+00:00,12481.0
2024-06-30 10:00:00+00:00,12526.0
2024-06-30 11:00:00+00:00,12520.0
2024-06-30 12:00:00+00:00,12511.0
2024-06-30 13:00:00+00:00,12853.0
2024-06-30 14:00:00+00:00,12611.0
2024-06-30 15:00:00+00:00,12764.0
2024-06-30 16:00:00+00:00,12350.0
2024-06-30 17:00:00+00:00,12744.0
2024-06-30 18:00:00+00:00,12594.0
2024-06-30 19:00:00+00:00,12606.0
2024-06-30 20:00:00+00:00,12825.0
2024-06-30 21:00:00+00:00,12599.0
2024-06-30 22:00:00+00:00,12784.0
2024-06-30 23:00:00+00:00,12614.0
2024-07-01 00:00:00+00:00,12685.0
2024-07-01 01:00:00+00:00,12646.0
2024-07-01 02:00:00+00:00,12849.0
2024-07-01 03:00:00+00:00,12630.0
2024-07-01 04:00:00+00:00,12740.0
2024-07-01 05:00:00+00:00,12623.0
2024-07-01 06:00:00+00:00,12831.0
2024-07-01 07:00:00+00:00,12698.0
2024-07-01 08:00:00+00:00,12715.0
2024-07-01 09:00:00+00:00,12891.0
2024-07-01 10:00:00+00:00,12912.0
2024-07-01 11:00:00+00:00,12768.0
2024-07-01 12:00:00+00:00,12795.0
2024-07-01 13:00:00+00:00,12784.0
2024-07-01 14:00:00+00:00,12765.0
2024-07-01 15:00:00+00:00,12613.0
2024-07-01 16:00:00+00:00,12871.0
2024-07-01 17:00:00+00:00,12907.0
2024-07-01 18:00:00+00:00,12857.0
2024-07-01 19:00:00+00:00,12901.0
2024-07-01 20:00:00+00:00,12710.0
2024-07-01 21:00:00+00:00,12613.0
2024-07-01 22:00:00+00:00,12660.0
2024-07-01 23:00:00+00:00,12851.0
2024-07-02 00:00:00+00:00,12791.0
2024-07-02 01:00:00+00:00,12799.0
2024-07-02 02:00:00+00:00,12769.0
2024-07-02 03:00:00+00:00,13076.0
2024-07-02 04:00:00+00:00,12876.0
2024-07-02 05:00:00+00:00,12897.0
2024-07-02 06:00:00+00:00,12829.0
2024-07-02 07:00:00+00:00,12881.0
2024-07-02 08:00:00+00:00,12981.0
2024-07-02 09:00:00+00:00,12895.0
2024-07-02 10:00:00+00:00,12844.0
2024-07-02 11:00:00+00:00,12760.0
2024-07-02 12:00:00+00:00,13121.0
2024-07-02 13:00:00+00:00,12857.0
2024-07-02 14:00:00+00:00,12942.0
2024-07-02 15:00:00+00:00,12740.0
2024-07-02 16:00:00+00:00,12800.0
2024-07-02 17:00:00+00:00,12980.0
2024-07-02 18:00:00+00:00,12865.0
2024-07-02 19:00:00+00:00,12897.0
2024-07-02 20:00:00+00:00,12662.0
2024-07-02 21:00:00+00:00,12926.0
2024-07-02 22:00:00+00:00,12953.0
2024-07-02 23:00:00+00:00,12812.0
2024-07-03 00:00:00+00:00,12969.0
2024-07-03 01:00:00+00:00,12829.0
2024-07-03 02:00:00+00:00,12911.0
2024-07-03 03:00:00+00:00,12698.0
2024-07-03 04:00:00+00:00,12947.0
2024-07-03 05:00:00+00:00,12792.0
2024-07-03 06:00:00+00:00,12779.0
2024-07-03 07:00:00+00:00,12894.0
2024-07-03 08:00:00+00:00,12872.0
2024-07-03 09:00:00+00:00,12864.0
2024-07-03 10:00:00+00:00,12897.0
2024-07-03 11:00:00+00:00,13206.0
2024-07-03 12:00:00+00:00,13016.0
2024-07-03 13:00:00+00:00,13114.0
2024-07-03 14:00:00+00:00,12986.0
2024-07-03 15:00:00+00:00,13078.0
2024-07-03 16:00:00+00:00,12976.0
2024-07-03 17:00:00+00:00,13085.0
2024-07-03 18:00:00+00:00,12844.0
2024-07-03 19:00:00+00:00,13043.0
2024-07-03 20:00:00+00:00,12948.0
2024-07-03 21:00:00+00:00,12930.0
2024-07-03 22:00:00+00:00,12779.0
2024-07-03 23:00:00+00:00,12724.0
2024-07-04 00:00:00+00:00,12901.0
2024-07-04 01:00:00+00:00,12962.0
2024-07-04 02:00:00+00:00,12888.0
2024-07-04 03:00:00+00:00,12939.0
2024-07-04 04:00:00+00:00,13005.0
2024-07-04 05:00:00+00:00,13046.0
2024-07-04 06:00:00+00:00,12787.0
2024-07-04 07:00:00+00:00,12700.0
2024-07-04 08:00:00+00:00,12779.0
2024-07-04 09:00:00+00:00,13141.0
2024-07-04 10:00:00+00:00,12777.0
2024-07-04 11:00:00+00:00,12857.0
2024-07-04 12:00:00+00:00,12720.0
2024-07-04 13:00:00+00:00,12927.0
2024-07-04 14:00:00+00:00,12881.0
2024-07-04 15:00:00+00:00,12907.0
2024-07-04 16:00:00+00:00,12692.0
2024-07-04 17:00:00+00:00,12853.0
2024-07-04 18:00:00+00:00,13099.0
2024-07-04 19:00:00+00:00,13015.0
2024-07-04 20:00:00+00:00,12948.0
2024-07-04 21:00:00+00:00,12692.0
2024-07-04 22:00:00+00:00,12683.0
2024-07-04 23:00:00+00:00,12531.0
2024-07-05 00:00:00+00:00,12640.0
2024-07-05 01:00:00+00:00,12508.0
2024-07-05 02:00:00+00:00,12655.0
2024-07-05 03:00:00+00:00,12732.0
2024-07-05 04:00:00+00:00,12667.0
2024-07-05 05:00:00+00:00,12496.0
2024-07-05 06:00:00+00:00,12800.0
2024-07-05 07:00:00+00:00,12367.0
2024-07-05 08:00:00+00:00,12598.0
2024-07-05 09:00:00+00:00,12549.0
2024-07-05 10:00:00+00:00,12570.0
2024-07-05 11:00:00+00:00,12432.0
2024-07-05 12:00:00+00:00,12562.0
2024-07-05 13:00:00+00:00,12730.0
2024-07-05 14:00:00+00:00,12884.0
2024-07-05 15:00:00+00:00,12642.0
2024-07-05 16:00:00+00:00,12544.0
2024-07-05 17:00:00+00:00,12740.0
2024-07-05 18:00:00+00:00,12475.0
2024-07-05 19:00:00+00:00,12766.0
2024-07-05 20:00:00+00:00,12445.0
2024-07-05 21:00:00+00:00,12651.0
2024-07-05 22:00:00+00:00,12496.0
2024-07-05 23:00:00+00:00,12542.0
2024-07-06 00:00:00+00:00,12504.0
2024-07-06 01:00:00+00:00,12671.0
2024-07-06 02:00:00+00:00,12702.0
2024-07-06 03:00:00+00:00,12548.0
2024-07-06 04:00:00+00:00,12589.0
2024-07-06 05:00:00+00:00,12645.0
2024-07-06 06:00:00+00:00,12786.0
2024-07-06 07:00:00+00:00,12767.0
2024-07-06 08:00:00+00:00,12525.0
2024-07-06 09:00:00+00:00,12852.0
2024-07-06 10:00:00+00:00,12523.0
2024-07-06 11:00:00+00:00,12573.0
2024-07-06 12:00:00+00:00,12707.0
2024-07-06 13:00:00+00:00,12724.0
2024-07-06 14:00:00+00:00,12861.0
2024-07-06 15:00:00+00:00,12882.0
2024-07-06 16:00:00+00:00,12712.0
2024-07-06 17:00:00+00:00,12690.0
2024-07-06 18:00:00+00:00,12879.0
2024-07-06 19:00:00+00:00,12849.0
2024-07-06 20:00:00+00:00,12450.0
2024-07-06 21:00:00+00:00,12626.0
2024-07-06 22:00:00+00:00,12712.0
2024-07-06 23:00:00+00:00,12648.0
2024-07-07 00:00:00+00:00,12783.0
2024-07-07 01:00:00+00:00,12634.0
2024-07-07 02:00:00+00:00,12796.0
2024-07-07 03:00:00+00:00,12778.0
2024-07-07 04:00:00+00:00,12720.0
2024-07-07 05:00:00+00:00,12605.0
2024-07-07 06:00:00+00:00,12749.0
2024-07-07 07:00:00+00:00,12623.0
2024-07-07 08:00:00+00:00,12651.0
2024-07-07 09:00:00+00:00,12622.0
2024-07-07 10:00:00+00:00,12748.0
2024-07-07 11:00:00+00:00,12693.0
2024-07-07 12:00:00+00:00,12599.0
2024-07-07 13:00:00+00:00,12846.0
2024-07-07 14:00:00+00:00,12615.0
2024-07-07 15:00:00+00:00,12828.0
2024-07-07 16:00:00+00:00,12813.0
2024-07-07 17:00:00+00:00,12864.0
2024-07-07 18:00:00+00:00,12835.0
2024-07-07 19:00:00+00:00,12880.0
2024-07-07 20:00:00+00:00,12729.0
2024-07-07 21:00:00+00:00,12822.0
2024-07-07 22:00:00+00:00,12598.0
2024-07-07 23:00:00+00:00,12819.0
2024-07-08 00:00:00+00:00,12637.0
2024-07-08 01:00:00+00:00,12704.0
2024-07-08 02:00:00+00:00,12672.0
2024-07-08 03:00:00+00:00,12234.0
2024-07-08 04:00:00+00:00,12825.0
2024-07-08 05:00:00+00:00,12556.0
2024-07-08 06:00:00+00:00,12704.0
2024-07-08 07:00:00+00:00,12705.0
2024-07-08 08:00:00+00:00,12614.0
2024-07-08 09:00:00+00:00,12577.0
2024-07-08 10:00:00+00:00,12632.0
2024-07-08 11:00:00+00:00,12528.0
2024-07-08 12:00:00+00:00,12649.0
2024-07-08 13:00:00+00:00,12660.0
2024-07-08 14:00:00+00:00,12507.0
2024-07-08 15:00:00+00:00,12936.0
2024-07-08 16:00:00+00:00,12599.0
2024-07-08 17:00:00+00:00,12572.0
2024-07-08 18:00:00+00:00,12595.0
2024-07-08 19:00:00+00:00,12746.0
2024-07-08 20:00:00+00:00,12617.0
2024-07-08 21:00:00+00:00,12583.0
2024-07-08 22:00:00+00:00,12583.0
2024-07-08 23:00:00+00:00,12549.0
2024-07-09 00:00:00+00:00,12652.0
2024-07-09 01:00:00+00:00,12507.0
2024-07-09 02:00:00+00:00,12527.0
2024-07-09 03:00:00+00:00,12612.0
2024-07-09 04:00:00+00:00,12623.0
2024-07-09 05:00:00+00:00,12696.0
2024-07-09 06:00:00+00:00,12618.0
2024-07-09 07:00:00+00:00,12700.0
2024-07-09 08:00:00+00:00,12922.0
2024-07-09 09:00:00+00:00,12559.0
2024-07-09 10:00:00+00:00,12518.0
2024-07-09 11:00:00+00:00,12530.0
2024-07-09 12:00:00+00:00,12640.0
2024-07-09 13:00:00+00:00,12719.0
2024-07-09 14:00:00+00:00,12554.0
2024-07-09 15:00:00+00:00,12352.0
2024-07-09 16:00:00+00:00,12679.0
2024-07-09 17:00:00+00:00,12793.0
2024-07-09 18:00:00+00:00,12486.0
2024-07-09 19:00:00+00:00,12413.0
2024-07-09 20:00:00+00:00,12631.0
2024-07-09 21:00:00+00:00,12553.0
2024-07-09 22:00:00+00:00,12642.0
2024-07-09 23:00:00+00:00,12737.0
2024-07-10 00:00:00+00:00,12693.0
2024-07-10 01:00:00+00:00,12465.0
2024-07-10 02:00:00+00:00,12768.0
2024-07-10 03:00:00+00:00,12646.0
2024-07-10 04:00:00+00:00,12392.0
2024-07-10 05:00:00+00:00,12754.0
2024-07-10 06:00:00+00:00,12562.0
2024-07-10 07:00:00+00:00,12577.0
2024-07-10 08:00:00+00:00,12555.0
2024-07-10 09:00:00+00:00,12805.0
2024-07-10 10:00:00+00:00,12556.0
2024-07-10 11:00:00+00:00,12783.0
2024-07-10 12:00:00+00:00,12579.0
2024-07-10 13:00:00+00:00,12589.0
2024-07-10 14:00:00+00:00,12775.0
2024-07-10 15:00:00+00:00,12637.0
2024-07-10 16:00:00+00:00,12565.0
2024-07-10 17:00:00+00:00,12619.0
2024-07-10 18:00:00+00:00,12590.0
2024-07-10 19:00:00+00:00,12604.0
2024-07-10 20:00:00+00:00,12523.0
2024-07-10 21:00:00+00:00,12680.0
2024-07-10 22:00:00+00:00,12658.0
2024-07-10 23:00:00+00:00,12484.0
2024-07-11 00:00:00+00:00,12600.0
2024-07-11 01:00:00+00:00,12780.0
2024-07-11 02:00:00+00:00,12610.0
2024-07-11 03:00:00+00:00,12580.0
2024-07-11 04:00:00+00:00,12584.0
2024-07-11 05:00:00+00:00,12770.0
2024-07-11 06:00:00+00:00,12530.0
2024-07-11 07:00:00+00:00,12463.0
2024-07-11 08:00:00+00:00,12666.0
2024-07-11 09:00:00+00:00,12653.0
2024-07-11 10:00:00+00:00,12542.0
2024-07-11 11:00:00+00:00,12478.0
2024-07-11 12:00:00+00:00,12519.0
2024-07-11 13:00:00+00:00,12525.0
2024-07-11 14:00:00+00:00,12652.0
2024-07-11 15:00:00+00:00,12638.0
2024-07-11 16:00:00+00:00,12647.0
2024-07-11 17:00:00+00:00,12776.0
2024-07-11 18:00:00+00:00,12637.0
2024-07-11 19:00:00+00:00,12646.0
2024-07-11 20:00:00+00:00,12793.0
2024-07-11 21:00:00+00:00,12723.0
2024-07-11 22:00:00+00:00,12733.0
2024-07-11 23:00:00+00:00,12638.0
2024-07-12 00:00:00+00:00,12532.0
2024-07-12 01:00:00+00:00,12706.0
2024-07-12 02:00:00+00:00,12730.0
2024-07-12 03:00:00+00:00,12773.0
2024-07-12 04:00:00+00:00,12484.0
2024-07-12 05:00:00+00:00,12624.0
2024-07-12 06:00:00+00:00,12442.0
2024-07-12 07:00:00+00:00,12613.0
2024-07-12 08:00:00+00:00,12721.0
2024-07-12 09:00:00+00:00,12719.0
2024-07-12 10:00:00+00:00,12712.0
2024-07-12 11:00:00+00:00,12628.0
2024-07-12 12:00:00+00:00,12705.0
2024-07-12 13:00:00+00:00,12808.0
2024-07-12 14:00:00+00:00,12617.0
2024-07-12 15:00:00+00:00,12788.0
2024-07-12 16:00:00+00:00,12656.0
2024-07-12 17:00:00+00:00,12936.0
2024-07-12 18:00:00+00:00,12752.0
2024-07-12 19:00:00+00:00,12762.0
2024-07-12 20:00:00+00:00,12743.0
2024-07-12 21:00:00+00:00,12652.0
2024-07-12 22:00:00+00:00,12729.0
2024-07-12 23:00:00+00:00,12671.0
2024-07-13 00:00:00+00:00,12936.0
2024-07-13 01:00:00+00:00,12621.0
2024-07-13 02:00:00+00:00,12667.0
2024-07-13 03:00:00+00:00,12601.0
2024-07-13 04:00:00+00:00,12754.0
2024-07-13 05:00:00+00:00,12773.0
2024-07-13 06:00:00+00:00,12549.0
2024-07-13 07:00:00+00:00,12816.0
2024-07-13 08:00:00+00:00,12788.0
2024-07-13 09:00:00+00:00,12625.0
2024-07-13 10:00:00+00:00,12788.0
2024-07-13 11:00:00+00:00,12643.0
2024-07-13 12:00:00+00:00,12742.0
2024-07-13 13:00:00+00:00,12599.0
2024-07-13 14:00:00+00:00,12895.0
2024-07-13 15:00:00+00:00,12911.0
2024-07-13 16:00:00+00:00,12632.0
2024-07-13 17:00:00+00:00,12791.0
2024-07-13 18:00:00+00:00,12771.0
2024-07-13 19:00:00+00:00,12569.0
2024-07-13 20:00:00+00:00,12855.0
2024-07-13 21:00:00+00:00,12675.0
2024-07-13 22:00:00+00:00,12853.0
2024-07-13 23:00:00+00:00,12730.0
2024-07-14 00:00:00+00:00,12830.0
2024-07-14 01:00:00+00:00,12787.0
2024-07-14 02:00:00+00:00,12824.0
2024-07-14 03:00:00+00:00,12845.0
2024-07-14 04:00:00+00:00,12813.0
2024-07-14 05:00:00+00:00,12640.0
2024-07-14 06:00:00+00:00,12613.0
2024-07-14 07:00:00+00:00,12674.0
2024-07-14 08:00:00+00:00,12812.0
2024-07-14 09:00:00+00:00,12563.0
2024-07-14 10:00:00+00:00,12777.0
2024-07-14 11:00:00+00:00,12632.0
2024-07-14 12:00:00+00:00,12694.0
2024-07-14 13:00:00+00:00,12686.0
2024-07-14 14:00:00+00:00,12763.0
2024-07-14 15:00:00+00:00,12790.0
2024-07-14 16:00:00+00:00,12665.0
2024-07-14 17:00:00+00:00,12683.0
2024-07-14 18:00:00+00:00,12742.0
2024-07-14 19:00:00+00:00,12675.0
2024-07-14 20:00:00+00:00,12786.0
2024-07-14 21:00:00+00:00,12629.0
2024-07-14 22:00:00+00:00,12798.0
2024-07-14 23:00:00+00:00,12767.0
2024-07-15 00:00:00+00:00,12709.0
2024-07-15 01:00:00+00:00,12752.0
2024-07-15 02:00:00+00:00,12408.0
2024-07-15 03:00:00+00:00,12713.0
2024-07-15 04:00:00+00:00,12639.0
2024-07-15 05:00:00+00:00,12764.0
2024-07-15 06:00:00+00:00,12694.0
2024-07-15 07:00:00+00:00,12688.0
2024-07-15 08:00:00+00:00,12621.0
2024-07-15 09:00:00+00:00,12709.0
2024-07-15 10:00:00+00:00,12819.0
2024-07-15 11:00:00+00:00,12725.0
2024-07-15 12:00:00+00:00,12617.0
2024-07-15 13:00:00+00:00,12578.0
2024-07-15 14:00:00+00:00,12827.0
2024-07-15 15:00:00+00:00,12672.0
2024-07-15 16:00:00+00:00,12763.0
2024-07-15 17:00:00+00:00,12896.0
2024-07-15 18:00:00+00:00,12767.0
2024-07-15 19:00:00+00:00,12848.0
2024-07-15 20:00:00+00:00,12715.0
2024-07-15 21:00:00+00:00,12720.0
2024-07-15 22:00:00+00:00,12648.0
2024-07-15 23:00:00+00:00,12827.0
2024-07-16 00:00:00+00:00,12591.0
2024-07-16 01:00:00+00:00,12771.0
2024-07-16 02:00:00+00:00,12777.0
2024-07-16 03:00:00+00:00,13043.0
2024-07-16 04:00:00+00:00,12606.0
2024-07-16 05:00:00+00:00,12721.0
2024-07-16 06:00:00+00:00,12647.0
2024-07-16 07:00:00+00:00,12971.0
2024-07-16 08:00:00+00:00,12699.0
2024-07-16 09:00:00+00:00,12866.0
2024-07-16 10:00:00+00:00,12675.0
2024-07-16 11:00:00+00:00,12857.0
2024-07-16 12:00:00+00:00,12832.0
2024-07-16 13:00:00+00:00,12658.0
2024-07-16 14:00:00+00:00,12844.0
2024-07-16 15:00:00+00:00,12692.0
2024-07-16 16:00:00+00:00,12706.0
2024-07-16 17:00:00+00:00,12638.0
2024-07-16 18:00:00+00:00,12637.0
2024-07-16 19:00:00+00:00,12519.0
2024-07-16 20:00:00+00:00,12626.0
2024-07-16 21:00:00+00:00,12757.0
2024-07-16 22:00:00+00:00,12906.0
2024-07-16 23:00:00+00:00,13000.0
2024-07-17 00:00:00+00:00,12822.0
2024-07-17 01:00:00+00:00,12691.0
2024-07-17 02:00:00+00:00,12721.0
2024-07-17 03:00:00+00:00,12535.0
2024-07-17 04:00:00+00:00,12787.0
2024-07-17 05:00:00+00:00,12690.0
2024-07-17 06:00:00+00:00,12684.0
2024-07-17 07:00:00+00:00,12502.0
2024-07-17 08:00:00+00:00,12566.0
2024-07-17 09:00:00+00:00,12779.0
2024-07-17 10:00:00+00:00,12470.0
2024-07-17 11:00:00+00:00,12582.0
2024-07-17 12:00:00+00:00,12749.0
2024-07-17 13:00:00+00:00,12810.0
2024-07-17 14:00:00+00:00,12895.0
2024-07-17 15:00:00+00:00,12699.0
2024-07-17 16:00:00+00:00,12664.0
2024-07-17 17:00:00+00:00,12780.0
2024-07-17 18:00:00+00:00,12602.0
2024-07-17 19:00:00+00:00,12559.0
2024-07-17 20:00:00+00:00,12432.0
2024-07-17 21:00:00+00:00,12824.0
2024-07-17 22:00:00+00:00,12708.0
2024-07-17 23:00:00+00:00,12599.0
2024-07-18 00:00:00+00:00,12786.0
2024-07-18 01:00:00+00:00,12582.0
2024-07-18 02:00:00+00:00,12792.0
2024-07-18 03:00:00+00:00,12751.0
2024-07-18 04:00:00+00:00,12393.0
2024-07-18 05:00:00+00:00,12443.0
2024-07-18 06:00:00+00:00,12685.0
2024-07-18 07:00:00+00:00,12655.0
2024-07-18 08:00:00+00:00,12458.0
2024-07-18 09:00:00+00:00,12515.0
2024-07-18 10:00:00+00:00,12592.0
2024-07-18 11:00:00+00:00,12402.0
2024-07-18 12:00:00+00:00,12760.0
2024-07-18 13:00:00+00:00,12546.0
2024-07-18 14:00:00+00:00,12767.0
2024-07-18 15:00:00+00:00,12553.0
2024-07-18 16:00:00+00:00,12833.0
2024-07-18 17:00:00+00:00,12841.0
2024-07-18 18:00:00+00:00,12609.0
2024-07-18 19:00:00+00:00,12755.0
2024-07-18 20:00:00+00:00,12474.0
2024-07-18 21:00:00+00:00,12732.0
2024-07-18 22:00:00+00:00,12604.0
2024-07-18 23:00:00+00:00,12483.0
2024-07-19 00:00:00+00:00,12564.0
2024-07-19 01:00:00+00:00,12569.0
2024-07-19 02:00:00+00:00,12476.0
2024-07-19 03:00:00+00:00,12754.0
2024-07-19 04:00:00+00:00,12550.0
2024-07-19 05:00:00+00:00,12563.0
2024-07-19 06:00:00+00:00,12335.0
2024-07-19 07:00:00+00:00,12671.0
2024-07-19 08:00:00+00:00,12483.0
2024-07-19 09:00:00+00:00,12358.0
2024-07-19 10:00:00+00:00,12661.0
2024-07-19 11:00:00+00:00,12621.0
2024-07-19 12:00:00+00:00,12734.0
2024-07-19 13:00:00+00:00,12982.0
2024-07-19 14:00:00+00:00,12687.0
2024-07-19 15:00:00+00:00,12875.0
2024-07-19 16:00:00+00:00,12688.0
2024-07-19 17:00:00+00:00,12660.0
2024-07-19 18:00:00+00:00,12889.0
2024-07-19 19:00:00+00:00,12773.0
2024-07-19 20:00:00+00:00,12768.0
2024-07-19 21:00:00+00:00,12718.0
2024-07-19 22:00:00+00:00,12449.0
2024-07-19 23:00:00+00:00,12630.0
2024-07-20 00:00:00+00:00,12504.0
2024-07-20 01:00:00+00:00,12747.0
2024-07-20 02:00:00+00:00,12743.0
2024-07-20 03:00:00+00:00,12706.0
2024-07-20 04:00:00+00:00,12729.0
2024-07-20 05:00:00+00:00,12571.0
2024-07-20 06:00:00+00:00,12745.0
2024-07-20 07:00:00+00:00,12588.0
2024-07-20 08:00:00+00:00,12765.0
2024-07-20 09:00:00+00:00,12672.0
2024-07-20 10:00:00+00:00,13063.0
2024-07-20 11:00:00+00:00,12914.0
2024-07-20 12:00:00+00:00,12798.0
2024-07-20 13:00:00+00:00,12926.0
2024-07-20 14:00:00+00:00,12931.0
2024-07-20 15:00:00+00:00,12890.0
2024-07-20 16:00:00+00:00,12771.0
2024-07-20 17:00:00+00:00,12804.0
2024-07-20 18:00:00+00:00,12772.0
2024-07-20 19:00:00+00:00,12879.0
2024-07-20 20:00:00+00:00,12687.0
2024-07-20 21:00:00+00:00,13119.0
2024-07-20 22:00:00+00:00,12818.0
2024-07-20 23:00:00+00:00,12916.0
2024-07-21 00:00:00+00:00,12731.0
2024-07-21 01:00:00+00:00,12716.0
2024-07-21 02:00:00+00:00,12822.0
2024-07-21 03:00:00+00:00,12811.0
2024-07-21 04:00:00+00:00,12845.0
2024-07-21 05:00:00+00:00,12809.0
2024-07-21 06:00:00+00:00,12648.0
2024-07-21 07:00:00+00:00,12787.0
2024-07-21 08:00:00+00:00,12745.0
2024-07-21 09:00:00+00:00,12839.0
2024-07-21 10:00:00+00:00,12850.0
2024-07-21 11:00:00+00:00,12788.0
2024-07-21 12:00:00+00:00,12741.0
2024-07-21 13:00:00+00:00,12864.0
2024-07-21 14:00:00+00:00,12807.0
2024-07-21 15:00:00+00:00,12849.0
2024-07-21 16:00:00+00:00,12715.0
2024-07-21 17:00:00+00:00,12775.0
2024-07-21 18:00:00+00:00,12646.0
2024-07-21 19:00:00+00:00,12917.0
2024-07-21 20:00:00+00:00,12871.0
2024-07-21 21:00:00+00:00,12687.0
2024-07-21 22:00:00+00:00,12760.0
2024-07-21 23:00:00+00:00,12706.0
2024-07-22 00:00:00+00:00,12742.0
2024-07-22 01:00:00+00:00,12688.0
2024-07-22 02:00:00+00:00,12776.0
2024-07-22 03:00:00+00:00,12756.0
2024-07-22 04:00:00+00:00,12597.0
2024-07-22 05:00:00+00:00,12939.0
2024-07-22 06:00:00+00:00,12778.0
2024-07-22 07:00:00+00:00,12544.0
2024-07-22 08:00:00+00:00,13105.0
2024-07-22 09:00:00+00:00,12725.0
2024-07-22 10:00:00+00:00,12828.0
2024-07-22 11:00:00+00:00,12741.0
2024-07-22 12:00:00+00:00,12828.0
2024-07-22 13:00:00+00:00,12828.0
2024-07-22 14:00:00+00:00,12915.0
2024-07-22 15:00:00+00:00,12806.0
2024-07-22 16:00:00+00:00,12672.0
2024-07-22 17:00:00+00:00,12719.0
2024-07-22 18:00:00+00:00,12684.0
2024-07-22 19:00:00+00:00,12736.0
2024-07-22 20:00:00+00:00,12606.0
2024-07-22 21:00:00+00:00,12682.0
2024-07-22 22:00:00+00:00,12737.0
2024-07-22 23:00:00+00:00,12640.0
2024-07-23 00:00:00+00:00,12784.0
2024-07-23 01:00:00+00:00,12770.0
2024-07-23 02:00:00+00:00,12665.0
2024-07-23 03:00:00+00:00,12647.0
2024-07-23 04:00:00+00:00,12548.0
2024-07-23 05:00:00+00:00,12661.0
2024-07-23 06:00:00+00:00,12735.0
2024-07-23 07:00:00+00:00,12550.0
2024-07-23 08:00:00+00:00,12811.0
2024-07-23 09:00:00+00:00,12595.0
2024-07-23 10:00:00+00:00,12670.0
2024-07-23 11:00:00+00:00,12551.0
2024-07-23 12:00:00+00:00,13038.0
2024-07-23 13:00:00+00:00,12761.0
2024-07-23 14:00:00+00:00,12761.0
2024-07-23 15:00:00+00:00,12666.0
2024-07-23 16:00:00+00:00,12688.0
2024-07-23 17:00:00+00:00,12845.0
2024-07-23 18:00:00+00:00,12807.0
2024-07-23 19:00:00+00:00,12653.0
2024-07-23 20:00:00+00:00,12561.0
2024-07-23 21:00:00+00:00,12912.0
2024-07-23 22:00:00+00:00,12621.0
2024-07-23 23:00:00+00:00,12535.0
2024-07-24 00:00:00+00:00,12579.0
2024-07-24 01:00:00+00:00,12620.0
2024-07-24 02:00:00+00:00,12695.0
2024-07-24 03:00:00+00:00,12643.0
2024-07-24 04:00:00+00:00,12606.0
2024-07-24 05:00:00+00:00,12628.0
2024-07-24 06:00:00+00:00,12617.0
2024-07-24 07:00:00+00:00,12751.0
2024-07-24 08:00:00+00:00,12672.0
2024-07-24 09:00:00+00:00,12734.0
2024-07-24 10:00:00+00:00,12718.0
2024-07-24 11:00:00+00:00,12718.0
2024-07-24 12:00:00+00:00,12652.0
2024-07-24 13:00:00+00:00,12759.0
2024-07-24 14:00:00+00:00,12977.0
2024-07-24 15:00:00+00:00,12623.0
2024-07-24 16:00:00+00:00,12726.0
2024-07-24 17:00:00+00:00,12864.0
2024-07-24 18:00:00+00:00,12606.0
2024-07-24 19:00:00+00:00,12696.0
2024-07-24 20:00:00+00:00,12703.0
2024-07-24 21:00:00+00:00,12767.0
2024-07-24 22:00:00+00:00,12812.0
2024-07-24 23:00:00+00:00,12648.0
2024-07-25 00:00:00+00:00,12818.0
2024-07-25 01:00:00+00:00,12829.0
2024-07-25 02:00:00+00:00,12712.0
2024-07-25 03:00:00+00:00,12722.0
2024-07-25 04:00:00+00:00,12816.0
2024-07-25 05:00:00+00:00,12773.0
2024-07-25 06:00:00+00:00,12740.0
2024-07-25 07:00:00+00:00,12549.0
2024-07-25 08:00:00+00:00,12894.0
2024-07-25 09:00:00+00:00,12769.0
2024-07-25 10:00:00+00:00,12811.0
2024-07-25 11:00:00+00:00,12881.0
2024-07-25 12:00:00+00:00,12943.0
2024-07-25 13:00:00+00:00,12868.0
2024-07-25 14:00:00+00:00,12988.0
2024-07-25 15:00:00+00:00,12836.0
2024-07-25 16:00:00+00:00,12814.0
2024-07-25 17:00:00+00:00,12785.0
2024-07-25 18:00:00+00:00,12704.0
2024-07-25 19:00:00+00:00,12570.0
2024-07-25 20:00:00+00:00,12847.0
2024-07-25 21:00:00+00:00,12698.0
2024-07-25 22:00:00+00:00,12772.0
2024-07-25 23:00:00+00:00,12664.0
2024-07-26 00:00:00+00:00,12667.0
2024-07-26 01:00:00+00:00,12649.0
2024-07-26 02:00:00+00:00,12694.0
2024-07-26 03:00:00+00:00,12441.0
2024-07-26 04:00:00+00:00,12553.0
2024-07-26 05:00:00+00:00,12692.0
2024-07-26 06:00:00+00:00,12711.0
2024-07-26 07:00:00+00:00,12695.0
2024-07-26 08:00:00+00:00,12772.0
2024-07-26 09:00:00+00:00,12766.0
2024-07-26 10:00:00+00:00,12655.0
2024-07-26 11:00:00+00:00,12555.0
2024-07-26 12:00:00+00:00,12673.0
2024-07-26 13:00:00+00:00,13043.0
2024-07-26 14:00:00+00:00,12750.0
2024-07-26 15:00:00+00:00,12625.0
2024-07-26 16:00:00+00:00,12879.0
2024-07-26 17:00:00+00:00,12702.0
2024-07-26 18:00:00+00:00,12671.0
2024-07-26 19:00:00+00:00,12846.0
2024-07-26 20:00:00+00:00,12536.0
2024-07-26 21:00:00+00:00,12461.0
2024-07-26 22:00:00+00:00,12444.0
2024-07-26 23:00:00+00:00,12511.0
2024-07-27 00:00:00+00:00,12205.0
2024-07-27 01:00:00+00:00,12364.0
2024-07-27 02:00:00+00:00,12449.0
2024-07-27 03:00:00+00:00,12500.0
2024-07-27 04:00:00+00:00,12535.0
2024-07-27 05:00:00+00:00,12442.0
2024-07-27 06:00:00+00:00,12462.0
2024-07-27 07:00:00+00:00,12465.0
2024-07-27 08:00:00+00:00,12385.0
2024-07-27 09:00:00+00:00,12595.0
2024-07-27 10:00:00+00:00,12438.0
2024-07-27 11:00:00+00:00,12521.0
2024-07-27 12:00:00+00:00,12675.0
2024-07-27 13:00:00+00:00,12641.0
2024-07-27 14:00:00+00:00,12619.0
2024-07-27 15:00:00+00:00,12560.0
2024-07-27 16:00:00+00:00,12594.0
2024-07-27 17:00:00+00:00,12706.0
2024-07-27 18:00:00+00:00,12508.0
2024-07-27 19:00:00+00:00,12462.0
2024-07-27 20:00:00+00:00,12775.0
2024-07-27 21:00:00+00:00,12466.0
2024-07-27 22:00:00+00:00,12639.0
2024-07-27 23:00:00+00:00,12424.0
2024-07-28 00:00:00+00:00,12499.0
2024-07-28 01:00:00+00:00,12557.0
2024-07-28 02:00:00+00:00,12511.0
2024-07-28 03:00:00+00:00,12392.0
2024-07-28 04:00:00+00:00,12484.0
2024-07-28 05:00:00+00:00,12404.0
2024-07-28 06:00:00+00:00,12610.0
2024-07-28 07:00:00+00:00,12628.0
2024-07-28 08:00:00+00:00,12502.0
2024-07-28 09:00:00+00:00,12599.0
2024-07-28 10:00:00+00:00,12454.0
2024-07-28 11:00:00+00:00,12431.0
2024-07-28 12:00:00+00:00,12775.0
2024-07-28 13:00:00+00:00,12390.0
2024-07-28 14:00:00+00:00,12692.0
2024-07-28 15:00:00+00:00,12508.0
2024-07-28 16:00:00+00:00,12681.0
2024-07-28 17:00:00+00:00,12576.0
2024-07-28 18:00:00+00:00,12635.0
2024-07-28 19:00:00+00:00,12395.0
2024-07-28 20:00:00+00:00,12640.0
2024-07-28 21:00:00+00:00,12266.0
2024-07-28 22:00:00+00:00,12660.0
2024-07-28 23:00:00+00:00,12563.0
2024-07-29 00:00:00+00:00,12485.0
2024-07-29 01:00:00+00:00,12319.0
2024-07-29 02:00:00+00:00,12431.0
2024-07-29 03:00:00+00:00,12281.0
2024-07-29 04:00:00+00:00,12351.0
2024-07-29 05:00:00+00:00,12434.0
2024-07-29 06:00:00+00:00,12314.0
2024-07-29 07:00:00+00:00,12267.0
2024-07-29 08:00:00+00:00,12392.0
2024-07-29 09:00:00+00:00,12462.0
2024-07-29 10:00:00+00:00,12416.0
2024-07-29 11:00:00+00:00,12556.0
2024-07-29 12:00:00+00:00,12551.0
2024-07-29 13:00:00+00:00,12377.0
2024-07-29 14:00:00+00:00,12688.0
2024-07-29 15:00:00+00:00,12629.0
2024-07-29 16:00:00+00:00,12596.0
2024-07-29 17:00:00+00:00,12630.0
2024-07-29 18:00:00+00:00,12520.0
2024-07-29 19:00:00+00:00,12773.0
2024-07-29 20:00:00+00:00,12633.0
2024-07-29 21:00:00+00:00,12619.0
2024-07-29 22:00:00+00:00,12428.0
2024-07-29 23:00:00+00:00,12416.0
2024-07-30 00:00:00+00:00,12695.0
2024-07-30 01:00:00+00:00,12516.0
2024-07-30 02:00:00+00:00,12410.0
2024-07-30 03:00:00+00:00,12392.0
2024-07-30 04:00:00+00:00,12317.0
2024-07-30 05:00:00+00:00,12754.0
2024-07-30 06:00:00+00:00,12284.0
2024-07-30 07:00:00+00:00,12465.0
2024-07-30 08:00:00+00:00,12690.0
2024-07-30 09:00:00+00:00,12410.0
2024-07-30 10:00:00+00:00,12479.0
2024-07-30 11:00:00+00:00,12411.0
2024-07-30 12:00:00+00:00,12539.0
2024-07-30 13:00:00+00:00,12440.0
2024-07-30 14:00:00+00:00,12588.0
2024-07-30 15:00:00+00:00,12561.0
2024-07-30 16:00:00+00:00,12508.0
2024-07-30 17:00:00+00:00,12563.0
2024-07-30 18:00:00+00:00,12535.0
2024-07-30 19:00:00+00:00,12575.0
2024-07-30 20:00:00+00:00,12456.0
2024-07-30 21:00:00+00:00,12345.0
2024-07-30 22:00:00+00:00,12372.0
2024-07-30 23:00:00+00:00,12732.0
2024-07-31 00:00:00+00:00,12494.0
2024-07-31 01:00:00+00:00,12609.0
2024-07-31 02:00:00+00:00,12204.0
2024-07-31 03:00:00+00:00,12404.0
2024-07-31 04:00:00+00:00,12396.0
2024-07-31 05:00:00+00:00,12683.0
2024-07-31 06:00:00+00:00,12630.0
2024-07-31 07:00:00+00:00,12629.0
2024-07-31 08:00:00+00:00,12598.0
2024-07-31 09:00:00+00:00,12615.0
2024-07-31 10:00:00+00:00,12820.0
2024-07-31 11:00:00+00:00,12606.0
2024-07-31 12:00:00+00:00,12534.0
2024-07-31 13:00:00+00:00,12617.0
2024-07-31 14:00:00+00:00,12552.0
2024-07-31 15:00:00+00:00,12452.0
2024-07-31 16:00:00+00:00,12406.0
2024-07-31 17:00:00+00:00,12623.0
2024-07-31 18:00:00+00:00,12627.0
2024-07-31 19:00:00+00:00,12363.0
2024-07-31 20:00:00+00:00,12534.0
2024-07-31 21:00:00+00:00,12422.0
2024-07-31 22:00:00+00:00,12503.0
2024-07-31 23:00:00+00:00,12388.0
2024-08-01 00:00:00+00:00,12430.0
2024-08-01 01:00:00+00:00,12514.0
2024-08-01 02:00:00+00:00,12534.0
2024-08-01 03:00:00+00:00,12550.0
2024-08-01 04:00:00+00:00,12520.0
2024-08-01 05:00:00+00:00,12355.0
2024-08-01 06:00:00+00:00,12504.0
2024-08-01 07:00:00+00:00,12672.0
2024-08-01 08:00:00+00:00,12433.0
2024-08-01 09:00:00+00:00,12363.0
2024-08-01 10:00:00+00:00,12393.0
2024-08-01 11:00:00+00:00,12698.0
2024-08-01 12:00:00+00:00,12588.0
2024-08-01 13:00:00+00:00,12599.0
2024-08-01 14:00:00+00:00,12428.0
2024-08-01 15:00:00+00:00,12620.0
2024-08-01 16:00:00+00:00,12511.0
2024-08-01 17:00:00+00:00,12701.0
2024-08-01 18:00:00+00:00,12782.0
2024-08-01 19:00:00+00:00,12571.0
2024-08-01 20:00:00+00:00,12493.0
2024-08-01 21:00:00+00:00,12654.0
2024-08-01 22:00:00+00:00,12602.0
2024-08-01 23:00:00+00:00,12595.0
2024-08-02 00:00:00+00:00,12702.0
2024-08-02 01:00:00+00:00,12649.0
2024-08-02 02:00:00+00:00,12472.0
2024-08-02 03:00:00+00:00,12724.0
2024-08-02 04:00:00+00:00,12473.0
2024-08-02 05:00:00+00:00,12877.0
2024-08-02 06:00:00+00:00,12416.0
2024-08-02 07:00:00+00:00,12670.0
2024-08-02 08:00:00+00:00,12569.0
2024-08-02 09:00:00+00:00,12805.0
2024-08-02 10:00:00+00:00,12513.0
2024-08-02 11:00:00+00:00,12619.0
2024-08-02 12:00:00+00:00,12460.0
2024-08-02 13:00:00+00:00,12713.0
2024-08-02 14:00:00+00:00,12743.0
2024-08-02 15:00:00+00:00,12817.0
2024-08-02 16:00:00+00:00,12535.0
2024-08-02 17:00:00+00:00,12706.0
2024-08-02 18:00:00+00:00,12795.0
2024-08-02 19:00:00+00:00,12708.0
2024-08-02 20:00:00+00:00,12698.0
2024-08-02 21:00:00+00:00,12663.0
2024-08-02 22:00:00+00:00,12530.0
2024-08-02 23:00:00+00:00,12735.0
2024-08-03 00:00:00+00:00,12579.0
2024-08-03 01:00:00+00:00,12633.0
2024-08-03 02:00:00+00:00,12785.0
2024-08-03 03:00:00+00:00,12631.0
2024-08-03 04:00:00+00:00,12559.0
2024-08-03 05:00:00+00:00,12799.0
2024-08-03 06:00:00+00:00,12575.0
2024-08-03 07:00:00+00:00,12705.0
2024-08-03 08:00:00+00:00,12624.0
2024-08-03 09:00:00+00:00,12877.0
2024-08-03 10:00:00+00:00,12697.0
2024-08-03 11:00:00+00:00,12379.0
2024-08-03 12:00:00+00:00,12668.0
2024-08-03 13:00:00+00:00,12661.0
2024-08-03 14:00:00+00:00,12740.0
2024-08-03 15:00:00+00:00,12630.0
2024-08-03 16:00:00+00:00,12575.0
2024-08-03 17:00:00+00:00,12600.0
2024-08-03 18:00:00+00:00,12601.0
2024-08-03 19:00:00+00:00,12643.0
2024-08-03 20:00:00+00:00,12761.0
2024-08-03 21:00:00+00:00,12653.0
2024-08-03 22:00:00+00:00,12456.0
2024-08-03 23:00:00+00:00,12446.0
2024-08-04 00:00:00+00:00,12354.0
2024-08-04 01:00:00+00:00,12447.0
2024-08-04 02:00:00+00:00,12626.0
2024-08-04 03:00:00+00:00,12729.0
2024-08-04 04:00:00+00:00,12475.0
2024-08-04 05:00:00+00:00,12623.0
2024-08-04 06:00:00+00:00,12539.0
2024-08-04 07:00:00+00:00,12601.0
2024-08-04 08:00:00+00:00,12757.0
2024-08-04 09:00:00+00:00,12687.0
2024-08-04 10:00:00+00:00,12579.0
2024-08-04 11:00:00+00:00,12630.0
2024-08-04 12:00:00+00:00,12505.0
2024-08-04 13:00:00+00:00,12564.0
2024-08-04 14:00:00+00:00,12529.0
2024-08-04 15:00:00+00:00,12580.0
2024-08-04 16:00:00+00:00,12522.0
2024-08-04 17:00:00+00:00,12569.0
2024-08-04 18:00:00+00:00,12531.0
2024-08-04 19:00:00+00:00,12541.0
2024-08-04 20:00:00+00:00,12768.0
2024-08-04 21:00:00+00:00,12688.0
2024-08-04 22:00:00+00:00,12649.0
2024-08-04 23:00:00+00:00,12540.0
2024-08-05 00:00:00+00:00,12528.0
2024-08-05 01:00:00+00:00,12565.0
2024-08-05 02:00:00+00:00,12595.0
2024-08-05 03:00:00+00:00,12675.0
2024-08-05 04:00:00+00:00,12515.0
2024-08-05 05:00:00+00:00,12515.0
2024-08-05 06:00:00+00:00,12885.0
2024-08-05 07:00:00+00:00,12581.0
2024-08-05 08:00:00+00:00,12626.0
2024-08-05 09:00:00+00:00,12496.0
2024-08-05 10:00:00+00:00,12618.0
2024-08-05 11:00:00+00:00,12745.0
2024-08-05 12:00:00+00:00,12609.0
2024-08-05 13:00:00+00:00,12773.0
2024-08-05 14:00:00+00:00,12683.0
2024-08-05 15:00:00+00:00,12694.0
2024-08-05 16:00:00+00:00,12832.0
2024-08-05 17:00:00+00:00,12564.0
2024-08-05 18:00:00+00:00,12777.0
2024-08-05 19:00:00+00:00,12837.0
2024-08-05 20:00:00+00:00,12590.0
2024-08-05 21:00:00+00:00,12635.0
2024-08-05 22:00:00+00:00,12558.0
2024-08-05 23:00:00+00:00,12566.0
2024-08-06 00:00:00+00:00,12646.0
2024-08-06 01:00:00+00:00,12608.0
2024-08-06 02:00:00+00:00,12705.0
2024-08-06 03:00:00+00:00,12519.0
2024-08-06 04:00:00+00:00,12567.0
2024-08-06 05:00:00+00:00,12597.0
2024-08-06 06:00:00+00:00,12711.0
2024-08-06 07:00:00+00:00,12595.0
2024-08-06 08:00:00+00:00,12569.0
2024-08-06 09:00:00+00:00,12644.0
2024-08-06 10:00:00+00:00,12457.0
2024-08-06 11:00:00+00:00,12833.0
2024-08-06 12:00:00+00:00,12647.0
2024-08-06 13:00:00+00:00,12540.0
2024-08-06 14:00:00+00:00,12630.0
2024-08-06 15:00:00+00:00,12534.0
2024-08-06 16:00:00+00:00,12776.0
2024-08-06 17:00:00+00:00,12634.0
2024-08-06 18:00:00+00:00,12695.0
2024-08-06 19:00:00+00:00,12676.0
2024-08-06 20:00:00+00:00,12496.0
2024-08-06 21:00:00+00:00,12403.0
2024-08-06 22:00:00+00:00,12476.0
2024-08-06 23:00:00+00:00,12620.0
2024-08-07 00:00:00+00:00,12563.0
2024-08-07 01:00:00+00:00,12641.0
2024-08-07 02:00:00+00:00,12470.0
2024-08-07 03:00:00+00:00,12532.0
2024-08-07 04:00:00+00:00,12457.0
2024-08-07 05:00:00+00:00,12463.0
2024-08-07 06:00:00+00:00,12659.0
2024-08-07 07:00:00+00:00,12500.0
2024-08-07 08:00:00+00:00,12774.0
2024-08-07 09:00:00+00:00,12751.0
2024-08-07 10:00:00+00:00,12708.0
2024-08-07 11:00:00+00:00,12640.0
2024-08-07 12:00:00+00:00,12674.0
2024-08-07 13:00:00+00:00,12508.0
2024-08-07 14:00:00+00:00,12707.0
2024-08-07 15:00:00+00:00,12691.0
2024-08-07 16:00:00+00:00,12485.0
2024-08-07 17:00:00+00:00,12646.0
2024-08-07 18:00:00+00:00,12672.0
2024-08-07 19:00:00+00:00,12683.0
2024-08-07 20:00:00+00:00,12649.0
2024-08-07 21:00:00+00:00,12772.0
2024-08-07 22:00:00+00:00,12489.0
2024-08-07 23:00:00+00:00,12769.0
2024-08-08 00:00:00+00:00,12580.0
2024-08-08 01:00:00+00:00,12500.0
2024-08-08 02:00:00+00:00,12577.0
2024-08-08 03:00:00+00:00,12625.0
2024-08-08 04:00:00+00:00,12377.0
2024-08-08 05:00:00+00:00,12599.0
2024-08-08 06:00:00+00:00,12611.0
2024-08-08 07:00:00+00:00,12747.0
2024-08-08 08:00:00+00:00,12631.0
2024-08-08 09:00:00+00:00,12590.0
2024-08-08 10:00:00+00:00,12871.0
2024-08-08 11:00:00+00:00,12610.0
2024-08-08 12:00:00+00:00,12679.0
2024-08-08 13:00:00+00:00,12716.0
2024-08-08 14:00:00+00:00,12472.0
2024-08-08 15:00:00+00:00,12676.0
2024-08-08 16:00:00+00:00,12624.0
2024-08-08 17:00:00+00:00,12714.0
2024-08-08 18:00:00+00:00,12528.0
2024-08-08 19:00:00+00:00,12806.0
2024-08-08 20:00:00+00:00,12443.0
2024-08-08 21:00:00+00:00,12866.0
2024-08-08 22:00:00+00:00,12241.0
2024-08-08 23:00:00+00:00,12650.0
2024-08-09 00:00:00+00:00,12480.0
2024-08-09 01:00:00+00:00,12524.0
2024-08-09 02:00:00+00:00,12553.0
2024-08-09 03:00:00+00:00,12472.0
2024-08-09 04:00:00+00:00,12491.0
2024-08-09 05:00:00+00:00,12387.0
2024-08-09 06:00:00+00:00,12388.0
2024-08-09 07:00:00+00:00,12536.0
2024-08-09 08:00:00+00:00,12548.0
2024-08-09 09:00:00+00:00,12454.0
2024-08-09 10:00:00+00:00,12585.0
2024-08-09 11:00:00+00:00,12666.0
2024-08-09 12:00:00+00:00,12655.0
2024-08-09 13:00:00+00:00,12669.0
2024-08-09 14:00:00+00:00,12870.0
2024-08-09 15:00:00+00:00,12768.0
2024-08-09 16:00:00+00:00,12545.0
2024-08-09 17:00:00+00:00,12524.0
2024-08-09 18:00:00+00:00,12393.0
2024-08-09 19:00:00+00:00,12609.0
2024-08-09 20:00:00+00:00,12365.0
2024-08-09 21:00:00+00:00,12554.0
2024-08-09 22:00:00+00:00,12713.0
2024-08-09 23:00:00+00:00,12467.0
2024-08-10 00:00:00+00:00,12395.0
2024-08-10 01:00:00+00:00,12373.0
2024-08-10 02:00:00+00:00,12589.0
2024-08-10 03:00:00+00:00,12323.0
2024-08-10 04:00:00+00:00,12368.0
2024-08-10 05:00:00+00:00,12266.0
2024-08-10 06:00:00+00:00,12284.0
2024-08-10 07:00:00+00:00,12517.0
2024-08-10 08:00:00+00:00,12451.0
2024-08-10 09:00:00+00:00,12462.0
2024-08-10 10:00:00+00:00,12561.0
2024-08-10 11:00:00+00:00,12252.0
2024-08-10 12:00:00+00:00,12660.0
2024-08-10 13:00:00+00:00,12446.0
2024-08-10 14:00:00+00:00,12529.0
2024-08-10 15:00:00+00:00,12356.0
2024-08-10 16:00:00+00:00,12464.0
2024-08-10 17:00:00+00:00,12408.0
2024-08-10 18:00:00+00:00,12574.0
2024-08-10 19:00:00+00:00,12620.0
2024-08-10 20:00:00+00:00,12503.0
2024-08-10 21:00:00+00:00,12368.0
2024-08-10 22:00:00+00:00,12068.0
2024-08-10 23:00:00+00:00,12392.0
2024-08-11 00:00:00+00:00,12302.0
2024-08-11 01:00:00+00:00,12314.0
2024-08-11 02:00:00+00:00,12250.0
2024-08-11 03:00:00+00:00,12115.0
2024-08-11 04:00:00+00:00,12228.0
2024-08-11 05:00:00+00:00,12334.0
2024-08-11 06:00:00+00:00,12395.0
2024-08-11 07:00:00+00:00,12520.0
2024-08-11 08:00:00+00:00,12424.0
2024-08-11 09:00:00+00:00,12225.0
2024-08-11 10:00:00+00:00,12653.0
2024-08-11 11:00:00+00:00,12444.0
2024-08-11 12:00:00+00:00,12318.0
2024-08-11 13:00:00+00:00,12296.0
2024-08-11 14:00:00+00:00,12274.0
2024-08-11 15:00:00+00:00,12192.0
2024-08-11 16:00:00+00:00,12342.0
2024-08-11 17:00:00+00:00,12358.0
2024-08-11 18:00:00+00:00,12480.0
2024-08-11 19:00:00+00:00,12077.0
2024-08-11 20:00:00+00:00,12383.0
2024-08-11 21:00:00+00:00,12223.0
2024-08-11 22:00:00+00:00,12044.0
2024-08-11 23:00:00+00:00,12362.0
2024-08-12 00:00:00+00:00,12396.0
2024-08-12 01:00:00+00:00,12187.0
2024-08-12 02:00:00+00:00,12167.0
2024-08-12 03:00:00+00:00,12230.0
2024-08-12 04:00:00+00:00,12423.0
2024-08-12 05:00:00+00:00,12206.0
2024-08-12 06:00:00+00:00,12222.0
2024-08-12 07:00:00+00:00,12474.0
2024-08-12 08:00:00+00:00,12486.0
2024-08-12 09:00:00+00:00,12415.0
2024-08-12 10:00:00+00:00,12432.0
2024-08-12 11:00:00+00:00,12457.0
2024-08-12 12:00:00+00:00,12245.0
2024-08-12 13:00:00+00:00,12436.0
2024-08-12 14:00:00+00:00,12447.0
2024-08-12 15:00:00+00:00,12476.0
2024-08-12 16:00:00+00:00,12541.0
2024-08-12 17:00:00+00:00,12372.0
2024-08-12 18:00:00+00:00,12497.0
2024-08-12 19:00:00+00:00,12584.0
2024-08-12 20:00:00+00:00,12479.0
2024-08-12 21:00:00+00:00,12476.0
2024-08-12 22:00:00+00:00,12594.0
2024-08-12 23:00:00+00:00,12334.0
2024-08-13 00:00:00+00:00,12492.0
2024-08-13 01:00:00+00:00,12582.0
2024-08-13 02:00:00+00:00,12507.0
2024-08-13 03:00:00+00:00,12545.0
2024-08-13 04:00:00+00:00,12575.0
2024-08-13 05:00:00+00:00,12573.0
2024-08-13 06:00:00+00:00,12372.0
2024-08-13 07:00:00+00:00,12592.0
2024-08-13 08:00:00+00:00,12640.0
2024-08-13 09:00:00+00:00,12559.0
2024-08-13 10:00:00+00:00,12485.0
2024-08-13 11:00:00+00:00,12711.0
2024-08-13 12:00:00+00:00,12668.0
2024-08-13 13:00:00+00:00,12499.0
2024-08-13 14:00:00+00:00,12574.0
2024-08-13 15:00:00+00:00,12593.0
2024-08-13 16:00:00+00:00,12616.0
2024-08-13 17:00:00+00:00,12463.0
2024-08-13 18:00:00+00:00,12666.0
2024-08-13 19:00:00+00:00,12310.0
2024-08-13 20:00:00+00:00,12421.0
2024-08-13 21:00:00+00:00,12455.0
2024-08-13 22:00:00+00:00,12335.0
2024-08-13 23:00:00+00:00,12442.0
2024-08-14 00:00:00+00:00,12444.0
2024-08-14 01:00:00+00:00,12581.0
2024-08-14 02:00:00+00:00,12507.0
2024-08-14 03:00:00+00:00,12501.0
2024-08-14 04:00:00+00:00,12491.0
2024-08-14 05:00:00+00:00,12708.0
2024-08-14 06:00:00+00:00,12601.0
2024-08-14 07:00:00+00:00,12534.0
2024-08-14 08:00:00+00:00,12598.0
2024-08-14 09:00:00+00:00,12570.0
2024-08-14 10:00:00+00:00,12570.0
2024-08-14 11:00:00+00:00,12602.0
2024-08-14 12:00:00+00:00,12392.0
2024-08-14 13:00:00+00:00,12694.0
2024-08-14 14:00:00+00:00,12848.0
2024-08-14 15:00:00+00:00,12559.0
2024-08-14 16:00:00+00:00,12512.0
2024-08-14 17:00:00+00:00,12455.0
2024-08-14 18:00:00+00:00,12724.0
2024-08-14 19:00:00+00:00,12375.0
2024-08-14 20:00:00+00:00,12632.0
2024-08-14 21:00:00+00:00,12590.0
2024-08-14 22:00:00+00:00,12562.0
2024-08-14 23:00:00+00:00,12439.0
2024-08-15 00:00:00+00:00,12532.0
2024-08-15 01:00:00+00:00,12548.0
2024-08-15 02:00:00+00:00,12527.0
2024-08-15 03:00:00+00:00,12386.0
2024-08-15 04:00:00+00:00,12550.0
2024-08-15 05:00:00+00:00,12474.0
2024-08-15 06:00:00+00:00,12529.0
2024-08-15 07:00:00+00:00,12431.0
2024-08-15 08:00:00+00:00,12646.0
2024-08-15 09:00:00+00:00,12288.0
2024-08-15 10:00:00+00:00,12466.0
2024-08-15 11:00:00+00:00,12500.0
2024-08-15 12:00:00+00:00,12393.0
2024-08-15 13:00:00+00:00,12516.0
2024-08-15 14:00:00+00:00,12548.0
2024-08-15 15:00:00+00:00,12669.0
2024-08-15 16:00:00+00:00,12657.0
2024-08-15 17:00:00+00:00,12621.0
2024-08-15 18:00:00+00:00,12404.0
2024-08-15 19:00:00+00:00,12481.0
2024-08-15 20:00:00+00:00,12251.0
2024-08-15 21:00:00+00:00,12523.0
2024-08-15 22:00:00+00:00,12262.0
2024-08-15 23:00:00+00:00,12400.0
2024-08-16 00:00:00+00:00,12664.0
2024-08-16 01:00:00+00:00,12512.0
2024-08-16 02:00:00+00:00,12484.0
2024-08-16 03:00:00+00:00,12421.0
2024-08-16 04:00:00+00:00,12435.0
2024-08-16 05:00:00+00:00,12602.0
2024-08-16 06:00:00+00:00,12254.0
2024-08-16 07:00:00+00:00,12644.0
2024-08-16 08:00:00+00:00,12697.0
2024-08-16 09:00:00+00:00,12499.0
2024-08-16 10:00:00+00:00,12449.0
2024-08-16 11:00:00+00:00,12564.0
2024-08-16 12:00:00+00:00,12680.0
2024-08-16 13:00:00+00:00,12484.0
2024-08-16 14:00:00+00:00,12695.0
2024-08-16 15:00:00+00:00,12426.0
2024-08-16 16:00:00+00:00,12536.0
2024-08-16 17:00:00+00:00,12682.0
2024-08-16 18:00:00+00:00,12769.0
2024-08-16 19:00:00+00:00,12519.0
2024-08-16 20:00:00+00:00,12616.0
2024-08-16 21:00:00+00:00,12602.0
2024-08-16 22:00:00+00:00,12657.0
2024-08-16 23:00:00+00:00,12409.0
2024-08-17 00:00:00+00:00,12581.0
2024-08-17 01:00:00+00:00,12500.0
2024-08-17 02:00:00+00:00,12517.0
2024-08-17 03:00:00+00:00,12652.0
2024-08-17 04:00:00+00:00,12573.0
2024-08-17 05:00:00+00:00,12489.0
2024-08-17 06:00:00+00:00,12675.0
2024-08-17 07:00:00+00:00,12503.0
2024-08-17 08:00:00+00:00,12810.0
2024-08-17 09:00:00+00:00,12259.0
2024-08-17 10:00:00+00:00,12490.0
2024-08-17 11:00:00+00:00,12446.0
2024-08-17 12:00:00+00:00,12721.0
2024-08-17 13:00:00+00:00,12496.0
2024-08-17 14:00:00+00:00,12596.0
2024-08-17 15:00:00+00:00,12505.0
2024-08-17 16:00:00+00:00,12569.0
2024-08-17 17:00:00+00:00,12709.0
2024-08-17 18:00:00+00:00,12742.0
2024-08-17 19:00:00+00:00,12714.0
2024-08-17 20:00:00+00:00,12641.0
2024-08-17 21:00:00+00:00,12775.0
2024-08-17 22:00:00+00:00,12609.0
2024-08-17 23:00:00+00:00,12303.0
2024-08-18 00:00:00+00:00,12650.0
2024-08-18 01:00:00+00:00,12518.0
2024-08-18 02:00:00+00:00,12674.0
2024-08-18 03:00:00+00:00,12504.0
2024-08-18 04:00:00+00:00,12528.0
2024-08-18 05:00:00+00:00,12689.0
2024-08-18 06:00:00+00:00,12627.0
2024-08-18 07:00:00+00:00,12765.0
2024-08-18 08:00:00+00:00,12667.0
2024-08-18 09:00:00+00:00,12651.0
2024-08-18 10:00:00+00:00,12631.0
2024-08-18 11:00:00+00:00,12568.0
2024-08-18 12:00:00+00:00,12654.0
2024-08-18 13:00:00+00:00,12621.0
2024-08-18 14:00:00+00:00,12676.0
2024-08-18 15:00:00+00:00,12742.0
2024-08-18 16:00:00+00:00,12863.0
2024-08-18 17:00:00+00:00,12928.0
2024-08-18 18:00:00+00:00,12562.0
2024-08-18 19:00:00+00:00,12657.0
2024-08-18 20:00:00+00:00,12718.0
2024-08-18 21:00:00+00:00,12483.0
2024-08-18 22:00:00+00:00,12764.0
2024-08-18 23:00:00+00:00,12622.0
2024-08-19 00:00:00+00:00,12758.0
2024-08-19 01:00:00+00:00,12685.0
2024-08-19 02:00:00+00:00,12727.0
2024-08-19 03:00:00+00:00,12592.0
2024-08-19 04:00:00+00:00,12617.0
2024-08-19 05:00:00+00:00,12763.0
2024-08-19 06:00:00+00:00,12658.0
2024-08-19 07:00:00+00:00,12692.0
2024-08-19 08:00:00+00:00,12612.0
